legajo;nombre;email;Carrera;Enrollment_Periodo;Materias_Aprobadas;Anio_estimado;Turno_preferido
1146251;Moscoso Gutierrez, Rosmeri Yesenia;rosmi616@gmail.com;CONTADOR PÚBLICO;2do cuatrimestre;10;2;Tarde
1208584;Bohorquez Silva, Ricardo Hermilo;miloxd@hotmail.es;CONTADOR PÚBLICO;2do cuatrimestre;0;1;Mañana
1140776;Rodas, Elias Norberto Solano;eliasrodas15@gmail.com;DOB. TIT. CONTADOR PÚBLICO Y ADM. DE EMPRESAS;1er cuatrimestre;5;1;Tarde
1171788;Kolbeck, Maximiliano Ivan;maxikolbeck19@gmail.com;DOB. TIT. CONTADOR PÚBLICO Y ADM. DE EMPRESAS;1er cuatrimestre;4;1;Mañana
1200528;Posada Demuccio, Giuliana Ludmila;posadagiuliana02@gmail.com;CONTADOR PÚBLICO;1er cuatrimestre;2;1;Noche
1128508;Antequera, Lucas Gonzalo;antequeraantequeralucas@gmail.com;CONTADOR PÚBLICO;1er cuatrimestre;8;1;Noche
1189902;Tipiani Huaman, Alexandra Yamilet;alexandratipiani21@gmail.com;CONTADOR PÚBLICO;1er cuatrimestre;10;2;Noche
1070546;Palmieri, Eliana Belén;ebpalmieri12@gmail.com;CONTADOR PÚBLICO;1er cuatrimestre;29;4;Noche
1077489;Grous, Juan Ignacio;juangrous@gmail.com;DOB. TIT. CONTADOR PÚBLICO Y ADM. DE EMPRESAS;1er cuatrimestre;42;4;Noche
1113583;Diaz, Natalia Mariel;natalia16.diaz@gmail.com;CONTADOR PÚBLICO;1er cuatrimestre;20;3;Noche
1098308;Andrade Castillo, Jeronimo;emiliano.urbaneja.ok@gmail.com;CONTADOR PÚBLICO;2do cuatrimestre;16;2;Noche
1174917;Melany, Clemente Ruth;emiliano.urbaneja.ok@gmail.com;CONTADOR PÚBLICO;1er cuatrimestre;5;1;Noche
1223262;Zubaldia, Facundo ;facuzubaldia@icloud.com;CONTADOR PÚBLICO;1er cuatrimestre;0;1;Mañana
1221375;Rapallini, Matias Gabriel;doxen@0200.com.ar;DOB. TIT. CONTADOR PÚBLICO Y FINANZAS;1er cuatrimestre;0;1;Noche
1225386;Solessio, Tomas;tomassolessio@gmail.com;CONTADOR PÚBLICO;1er cuatrimestre;0;1;Noche
1225893;Delgado Arque, Celina Martha;celinadelgado284@gmail.com;CONTADOR PÚBLICO;1er cuatrimestre;0;1;Mañana
1221151;Martirena, Milagros;milumartirenaa@gmail.com;CONTADOR PÚBLICO;1er cuatrimestre;12;2;Noche
1183687;Hernandez, Nicolas Daniel;nico.carp2.nh@gmail.com;DOB. TIT. CONTADOR PÚBLICO Y ADM. DE EMPRESAS;2do cuatrimestre;4;1;Tarde
1205122;Ghisolis, Julieta;julietaghisolis2002@outlook.es;CONTADOR PÚBLICO;2do cuatrimestre;14;2;Noche
1115984;Baldeon Santiago, Angela Lisette;emiliano.urbaneja.ok@gmail.com;CONTADOR PÚBLICO;1er cuatrimestre;12;2;Noche
1217805;Villalba, Adriel;adrielvillalba10@gmail.com;CONTADOR PÚBLICO;1er cuatrimestre;0;1;Noche
1082274;Valchi, Camila;valchicamila@hotmail.com;DOB. TIT. CONTADOR PÚBLICO Y ADM. DE EMPRESAS;1er cuatrimestre;25;3;Noche
1164527;Franchini, Marine;franchini120@gmail.com;CONTADOR PÚBLICO;2do cuatrimestre;10;2;Noche
1141801;Marano, Marcela;marcemarano@gmail.com;CONTADOR PÚBLICO;1er cuatrimestre;0;1;Mañana
1206734;Riggio, Flavia Nancy;fla8486acuario@hotmail.com;CONTADOR PÚBLICO;2do cuatrimestre;1;1;Noche
1210631;Garcia, Camila;gcamila.rc@gmail.com;CONTADOR PÚBLICO;2do cuatrimestre;8;1;Noche
1129633;Obregon Mancuso, Juan Manuel;juanmaobregon1998@gmail.com;CONTADOR PÚBLICO;1er cuatrimestre;26;3;Noche
1143350;Ramirez Rotunno, Elian Fabrizio;emiliano.urbaneja.ok@gmail.com;DOB. TIT. CONTADOR PÚBLICO Y FINANZAS;1er cuatrimestre;12;2;Mañana
1084302;Muzzupappa, Alejandra Elisabeth;alejandramuzzu@gmail.com;CONTADOR PÚBLICO;1er cuatrimestre;26;3;Mañana
1119946;Mastroianni, Tamara Denise;tami.denise@hotmail.com;CONTADOR PÚBLICO;2do cuatrimestre;31;4;Noche
1220497;Valiente, Melina Ayelen;emiliano.urbaneja.ok@gmail.com;DOB. TIT. CONTADOR PÚBLICO Y ABOGACÍA;1er cuatrimestre;0;1;Noche
1175865;Noceda Bottoso, Martin;emiliano.urbaneja.ok@gmail.com;CONTADOR PÚBLICO;1er cuatrimestre;5;1;Tarde
1222897;Márquez, Karol;emiliano.urbaneja.ok@gmail.com;CONTADOR PÚBLICO;1er cuatrimestre;0;1;Noche
1133779;Cruz Quiñones, Viviana Catherine;emiliano.urbaneja.ok@gmail.com;CONTADOR PÚBLICO;2do cuatrimestre;4;1;Noche
1178985;Pires, Manuel Eduardo;emiliano.urbaneja.ok@gmail.com;CONTADOR PÚBLICO;1er cuatrimestre;2;1;Noche
1142087;Janco, Johana Mayra;johamayra-@hotmail.com;CONTADOR PÚBLICO;1er cuatrimestre;12;2;Mañana
1203605;Cruz Mendoza, Cindy Nicole;nicoleczmz@gmail.com;CONTADOR PÚBLICO;1er cuatrimestre;2;1;Tarde
1183502;Basso, Matias Nicolas;mbasso04@gmail.com;CONTADOR PÚBLICO;1er cuatrimestre;0;1;Tarde
1220098;Muzzalupo, Pablo Nahuel;pablomuzzalupo@gmail.com;DOB. TIT. CONTADOR PÚBLICO Y ADM. DE EMPRESAS;1er cuatrimestre;0;1;Mañana
1216453;Salomon, Manuel Nicolas;munusalomon@gmail.com;DOB. TIT. CONTADOR PÚBLICO Y ABOGACÍA;1er cuatrimestre;0;1;Noche
1224715;Gonzalez Chaves, Patricio;patriciochaves06@gmail.com;CONTADOR PÚBLICO;1er cuatrimestre;0;1;Noche
1224703;Cimino , Ailen Brisa;ailen.cimino01@gmail.com;CONTADOR PÚBLICO;1er cuatrimestre;0;1;Noche
1223469;Quispe Apaza, Brisa Geraldine;brisageraldine1511@gmail.com;CONTADOR PÚBLICO;1er cuatrimestre;0;1;Noche
1215408;Calba, Facundo Tomas;ftcalba@gmail.com;DOB. TIT. CONTADOR PÚBLICO Y ADM. DE EMPRESAS;1er cuatrimestre;0;1;Noche
1213623;Yahari, Alexis Daniel;aleexisyahari07@gmail.com;DOB. TIT. CONTADOR PÚBLICO Y ABOGACÍA;1er cuatrimestre;0;1;Noche
1207998;Niedermaier, Joaquin;niedermaierjoaquin@gmail.com;DOB. TIT. CONTADOR PÚBLICO Y ABOGACÍA;1er cuatrimestre;0;1;Mañana
1224545;Espindola, Federico;fedespin2324@gmail.com;CONTADOR PÚBLICO;1er cuatrimestre;0;1;Noche
1222808;Barandiaran Miño, David Ezequiel;davidbarandiaran00@gmail.com;CONTADOR PÚBLICO;1er cuatrimestre;0;1;Tarde
1224281;Paco, Fabian Nicolas ;fabianpaco85@gmail.com;CONTADOR PÚBLICO;1er cuatrimestre;0;1;Noche
1223306;Cubilla, Iara Guadalupe;meg082011@gmail.com;CONTADOR PÚBLICO;1er cuatrimestre;0;1;Noche
1224912;Llanos, James Franco;elbmdedevias@gmail.com;CONTADOR PÚBLICO;1er cuatrimestre;0;1;Tarde
1224308;Cruz Calle, Brian Alex ;callebriancruz@gmail.com;CONTADOR PÚBLICO;1er cuatrimestre;0;1;Mañana
1222546;Heitzmann, Ana Paula;anapaulaheitzmann@gmail.com;CONTADOR PÚBLICO;1er cuatrimestre;0;1;Tarde
1158649;Murua Lipari, Samira Nahir;samiramurualipari@gmail.com;CONTADOR PÚBLICO;1er cuatrimestre;7;1;Noche
1160136;Marin Balbuena, Aurora Jaquelina;jaqmb@yahoo.com;DOB. TIT. CONTADOR PÚBLICO Y ADM. DE EMPRESAS;1er cuatrimestre;4;1;Noche
1225421;Noguera , Nicolas;nnoguera@nngestion.com;CONTADOR PÚBLICO;1er cuatrimestre;0;1;Noche
1202746;Buitrón Mejia, Alondra Denisse;alonbuitron@gmail.com;CONTADOR PÚBLICO;1er cuatrimestre;1;1;Noche
1171494;Orfeo Angeleri, Ailen Orfeo;ailuorfeo@gmail.com;DOB. TIT. CONTADOR PÚBLICO Y ADM. DE EMPRESAS;1er cuatrimestre;13;2;Noche
1190651;Devia, Priscila Belen;devia.priscila@hotmail.com;CONTADOR PÚBLICO;1er cuatrimestre;0;1;Mañana
1143846;Paco Usmayo, Yanil Nelida;usnayo.yanil@gmail.com;DOB. TIT. CONTADOR PÚBLICO Y ADM. DE EMPRESAS;1er cuatrimestre;3;1;Tarde
1195110;Paz, Antonella;antopazgb@gmail.com;DOB. TIT. CONTADOR PÚBLICO Y ABOGACÍA;1er cuatrimestre;0;1;Mañana
1203029;Selaez, Giselle Alicia;selaezgiselle@gmail.com;CONTADOR PÚBLICO;1er cuatrimestre;0;1;Noche
1116564;Montefusco, Fabrizio Agustin;fabrimontefuscot@gmail.com;DOB. TIT. CONTADOR PÚBLICO Y ADM. DE EMPRESAS;1er cuatrimestre;4;1;Tarde
1196096;Alvarez, Manuel;alvarez.manu@outlook.com;CONTADOR PÚBLICO;1er cuatrimestre;2;1;Mañana
1204141;Gomez, Ivan Dario;vandgomez@gmail.com;CONTADOR PÚBLICO;2do cuatrimestre;6;1;Tarde
1225283;Meza Yucherchen, Santiago Lautaro;mezayucherchen@gmail.com;CONTADOR PÚBLICO;1er cuatrimestre;0;1;Noche
1176924;Garcia, Benjamin;benjaagaarcia234@gmail.com;CONTADOR PÚBLICO;1er cuatrimestre;1;1;Mañana
1161994;Depaoli, Luca Andrea;luca2004@hotmail.com;DOB. TIT. CONTADOR PÚBLICO Y FINANZAS;2do cuatrimestre;5;1;Tarde
1143610;Huang, Felix;felixhuang2000@sina.com;CONTADOR PÚBLICO;1er cuatrimestre;4;1;Tarde
1199429;Herrera, Martina;marti.esperanza@hotmail.com.ar;CONTADOR PÚBLICO;1er cuatrimestre;2;1;Mañana
1129462;Sahonero, Brisa Candela;sahonerobrisa@gmail.com;CONTADOR PÚBLICO;1er cuatrimestre;6;1;Mañana
1191580;Afonso, Juan Cruz;afonsojuancruz@gmail.com;DOB. TIT. CONTADOR PÚBLICO Y ADM. DE EMPRESAS;1er cuatrimestre;7;1;Mañana
1220694;Gomez, Flavia Lorena;flavialg78@gmail.com;CONTADOR PÚBLICO;1er cuatrimestre;5;1;Mañana
1220864;Altamirano , Allison Mayra;altamiranoallison05@gmail.com;CONTADOR PÚBLICO;1er cuatrimestre;0;1;Mañana
1216905;Loto, Santiago;lotosantiago2127@yahoo.com;DOB. TIT. CONTADOR PÚBLICO Y ADM. DE EMPRESAS;1er cuatrimestre;0;1;Mañana
1214942;Broggi Katz, Delfina Zoe;delfinabroggikatz@gmail.com;CONTADOR PÚBLICO;1er cuatrimestre;0;1;Noche
1218664;Becerra, Francisco Maximiliamo Gabriel ;frantucho95@gmail.com;CONTADOR PÚBLICO;1er cuatrimestre;0;1;Mañana
1158355;Rojas, Catherine Valeria;kathymus19@gmail.com;CONTADOR PÚBLICO;1er cuatrimestre;0;1;Noche
1211852;Yuwang, Benjamin Nicolas;benjaminyuwang@gmail.com;CONTADOR PÚBLICO;1er cuatrimestre;0;1;Noche
1190262;Lescano, Lazaro;lazarolescanoide@gmail.com;DOB. TIT. CONTADOR PÚBLICO Y ABOGACÍA;1er cuatrimestre;6;1;Tarde
1124356;Gallardo, Daniela Ayelen;danaye9@gmail.com;CONTADOR PÚBLICO;1er cuatrimestre;12;2;Noche
1134611;Andrade, Jorge Rodrigo;rodrigoandrade97@hotmail.com;CONTADOR PÚBLICO;2do cuatrimestre;8;1;Noche
1222767;Iskandarani, Ayelen Vivian;ayeleniskaa@gmail.com;DOB. TIT. CONTADOR PÚBLICO Y FINANZAS;1er cuatrimestre;0;1;Noche
1218167;Ferreyra, Grecia Comaneci;ferreyragrecia1509@hotmail.com;CONTADOR PÚBLICO;1er cuatrimestre;0;1;Noche
1200693;Dorronzoro, Miranda;dorronzoromiru@gmail.com;CONTADOR PÚBLICO;1er cuatrimestre;8;1;Mañana
1182024;Alvarez, Zoe Yamila Maria;zoeyamila7@gmail.com;CONTADOR PÚBLICO;2do cuatrimestre;3;1;Noche
1164069;Lucia, Valentino;valentinolucia2004@gmail.com;CONTADOR PÚBLICO;2do cuatrimestre;2;1;Noche
1216815;Hidalgo , Daniela ;daniestefania@hotmail.com;CONTADOR PÚBLICO;1er cuatrimestre;0;1;Noche
1141613;Seigneur, Tomas;tomasseigneur@hotmail.com.ar;CONTADOR PÚBLICO;1er cuatrimestre;8;1;Noche
1193044;Lunazzi, Luca;lunazziluca7@gmail.com;DOB. TIT. CONTADOR PÚBLICO Y ADM. DE EMPRESAS;1er cuatrimestre;7;1;Noche
1205765;Combessies, Manuel Eduardo;manutecombes@gmail.com;CONTADOR PÚBLICO;2do cuatrimestre;2;1;Noche
1213466;Rizzo, Benjamin;benjarizzo96@gmail.com;CONTADOR PÚBLICO;1er cuatrimestre;0;1;Noche
1222525;Sinche Flores, Araceli Antonella;araceli-sinche@hotmail.com;CONTADOR PÚBLICO;1er cuatrimestre;0;1;Noche
1208995;Romero, Agustin Ezequiel;agusezeromero114@gmail.com;DOB. TIT. CONTADOR PÚBLICO Y FINANZAS;1er cuatrimestre;0;1;Noche
1211902;Infarinato Pellegrino, Gino Lautaro ;gino.infarinato07@gmail.com;CONTADOR PÚBLICO;1er cuatrimestre;0;1;Mañana
1211046;Ortiz, Manuel;manuplohola@gmail.com;CONTADOR PÚBLICO;1er cuatrimestre;0;1;Mañana
1212114;Bustos, Tomàs Agustín;marisel_348@hotmail.com;DOB. TIT. CONTADOR PÚBLICO Y FINANZAS;1er cuatrimestre;0;1;Mañana
1165395;Strok, Bruno;brunostrok6@gmail.com;DOB. TIT. CONTADOR PÚBLICO Y ADM. DE EMPRESAS;1er cuatrimestre;8;1;Noche
1168681;Perez Zarate, Yamila Milagros;yamilamilagrosperez@gmail.com;CONTADOR PÚBLICO;1er cuatrimestre;9;2;Mañana
1185090;Barberio, Mateo;barberiomateo03@gmail.com;DOB. TIT. CONTADOR PÚBLICO Y ADM. DE EMPRESAS;2do cuatrimestre;3;1;Noche
1188811;Casquero, Juan Ignacio;juanicasquero39@gmail.com;CONTADOR PÚBLICO;1er cuatrimestre;3;1;Noche
1191292;Sturla , Malena Maite ;sturlamalena@gmail.com;CONTADOR PÚBLICO;1er cuatrimestre;0;1;Mañana
1177654;Rolon, María Lujan;rolonmaria254@gmail.com;DOB. TIT. CONTADOR PÚBLICO Y ADM. DE EMPRESAS;1er cuatrimestre;1;1;Noche
1090381;Ordoñez Ramirez, María Jesus;ordonez-maria@hotmail.com;CONTADOR PÚBLICO;1er cuatrimestre;14;2;Tarde
1102109;Bernadaz, Camila;camilabernadaz04@gmail.com;DOB. TIT. CONTADOR PÚBLICO Y ADM. DE EMPRESAS;1er cuatrimestre;37;4;Tarde
1151652;Carricart, Isidro;isidrocarricart@gmail.com;CONTADOR PÚBLICO;1er cuatrimestre;3;1;Noche
1141540;Rivera Saltos, Indira Belen;indurivera.s@outlook.com;CONTADOR PÚBLICO;1er cuatrimestre;8;1;Noche
1202679;Valentini, Daiana Anahí Ailén;daichu.valen92@gmail.com;CONTADOR PÚBLICO;1er cuatrimestre;0;1;Noche
1176737;Fortina, Lucas Fabián ;lucasfortina19@outlook.com;CONTADOR PÚBLICO;1er cuatrimestre;3;1;Noche
1190233;Lizarazu, Melina Yael;melinauade@gmail.com;DOB. TIT. CONTADOR PÚBLICO Y FINANZAS;1er cuatrimestre;10;2;Noche
1205268;Famá, Fiorella;fiorefama@gmail.com;CONTADOR PÚBLICO;2do cuatrimestre;4;1;Noche
1179261;Silvetti, Santiago;santiagoasilvetti@gmail.com;CONTADOR PÚBLICO;1er cuatrimestre;19;3;Noche
1180393;Quispe, Alexander Juan;ale.quispe93@outlook.com;CONTADOR PÚBLICO;1er cuatrimestre;6;1;Noche
1186548;Pereyra, Ivan;ivan.pereyra.5454@gmail.com;DOB. TIT. CONTADOR PÚBLICO Y FINANZAS;1er cuatrimestre;3;1;Noche
1154779;Antezana, Nicole;nicoleantezana03@gmail.com;DOB. TIT. CONTADOR PÚBLICO Y ABOGACÍA;1er cuatrimestre;5;1;Noche
1115714;Villalba, Orlando Ezequiel;ezequielvillalba060@gmail.com;CONTADOR PÚBLICO;2do cuatrimestre;0;1;Mañana
1124299;Ari Ortiz, Facundo Luis;facundo.listo@gmail.com;DOB. TIT. CONT. PÚB. Y ADM. DE EMP. (COSTA ARG.);1er cuatrimestre;3;1;Mañana
1149446;Pennacchio Moraiz, Gaston;mgatonese@gmail.com;CONTADOR PÚBLICO;1er cuatrimestre;9;2;Noche
1158871;Blanco Olivera, Brisa Dana;blancobrisadana@gmail.com;CONTADOR PÚBLICO;1er cuatrimestre;7;1;Noche
1196781;Ibáñez Yazalde , Martina;ibanezyazaldemartu@gmail.com;DOB. TIT. CONTADOR PÚBLICO Y ADM. DE EMPRESAS;1er cuatrimestre;8;1;Noche
1214388;Sosa Lacuesta, Facundo Nicolas;facundososa_34@hotmail.com;CONTADOR PÚBLICO;1er cuatrimestre;3;1;Tarde
1156777;Choque Portillo, Juan Rodrigo;rodrigo972012@hotmail.com;CONTADOR PÚBLICO;1er cuatrimestre;7;1;Mañana
1117429;Hernandez, Cristian Gonzalo;cristian.g.hernandez@gmail.com;CONTADOR PÚBLICO;1er cuatrimestre;22;3;Noche
1214061;Weng, Sofia Maia;wengsofiamaia@gmail.com;CONTADOR PÚBLICO;1er cuatrimestre;0;1;Noche
1222600;Company, Mateo;companymateo@gmail.com;DOB. TIT. CONTADOR PÚBLICO Y FINANZAS;1er cuatrimestre;0;1;Mañana
1216252;Colombo, Francisco Osmar;franncolombo12@gmail.com;CONTADOR PÚBLICO;1er cuatrimestre;0;1;Noche
1222148;Apezetche , Giselle Belen ;giselleape@gmail.com;CONTADOR PÚBLICO;1er cuatrimestre;0;1;Mañana
1213081;Caceres, Elias Sebastian;eliasscaceres2007@gmail.com;CONTADOR PÚBLICO;1er cuatrimestre;0;1;Noche
1173103;Grillo, Franco Martin ;francogrillo0109@gmail.com;CONTADOR PÚBLICO;1er cuatrimestre;8;1;Noche
1197572;Arietti, Ramón Armando;monchiarietti@gmail.com;CONTADOR PÚBLICO;1er cuatrimestre;3;1;Mañana
1145531;Francisco Garcia, Lucas;lucasgaarcia2016@gmail.com;CONTADOR PÚBLICO;2do cuatrimestre;8;1;Noche
1220725;Aufiero, Matias;matiasvaufiero@gmail.com;CONTADOR PÚBLICO;1er cuatrimestre;0;1;Noche
1030010;Marca Aguanta, Yasmin Giannina;marcayasmin@gmail.com;CONTADOR PÚBLICO;1er cuatrimestre;32;4;Noche
1209358;Olives , Francisco;franciscolives0@gmail.com;CONTADOR PÚBLICO;2do cuatrimestre;0;1;Noche
1204513;Cruz Quispe, Rocio Candela;roocio.candela@gmail.com;CONTADOR PÚBLICO;2do cuatrimestre;2;1;Noche
1210677;Espinosa, Cristian Damian ;crissespinosa34@gmail.com;CONTADOR PÚBLICO;2do cuatrimestre;0;1;Noche
1207085;Aguirre, Milagros Florencia Magalí;aguirremagali405@gmail.com;CONTADOR PÚBLICO;2do cuatrimestre;1;1;Mañana
1210839;Ojeda, Morena;ojedamorenaa@gmail.com;CONTADOR PÚBLICO;1er cuatrimestre;0;1;Tarde
1219596;Patella, Tobias Alejo;alejopatella@gmail.com;CONTADOR PÚBLICO;1er cuatrimestre;0;1;Noche
1208296;Orosa Saez, Tomas Felipe;totoorosa@gmail.com;DOB. TIT. CONTADOR PÚBLICO Y ABOGACÍA;1er cuatrimestre;0;1;Noche
1216248;Martinez, Juan Gabriel Felipe;juanfgmartinez1414@gmail.com;CONTADOR PÚBLICO;1er cuatrimestre;0;1;Mañana
1215530;Vicente Ramundo , Camila Giuliana;camigiulianaok9@gmail.com;CONTADOR PÚBLICO;1er cuatrimestre;0;1;Noche
1216643;Comodo, Luciano Ignacio;comodoluciano3rod@gmail.com;CONTADOR PÚBLICO;1er cuatrimestre;0;1;Tarde
1216883;Rivera, Luca;lucarivera14@gmail.com;CONTADOR PÚBLICO;1er cuatrimestre;0;1;Tarde
1124188;Taira, Marcos;mtaira36@gmail.com;CONTADOR PÚBLICO;1er cuatrimestre;7;1;Noche
1185762;Ojeda, Franco ;francoojeeda@gmail.com;CONTADOR PÚBLICO;2do cuatrimestre;5;1;Mañana
1207014;Benitez, Juan Manuel;juanmabntez@gmail.com;CONTADOR PÚBLICO;2do cuatrimestre;1;1;Mañana
1194065;Ariccio Almela, Santiago;santiago.ariccio@gmail.com;DOB. TIT. CONTADOR PÚBLICO Y ADM. DE EMPRESAS;1er cuatrimestre;10;2;Noche
1222303;Florencia, Cespedes;mtzflorencia@gmail.com;CONTADOR PÚBLICO;1er cuatrimestre;0;1;Noche
1178963;Guerrero Muñoz, Sarah;sarahguerrero004@gmail.com;CONTADOR PÚBLICO;1er cuatrimestre;10;2;Tarde
1177159;Morales , Franco Manuel ;francomm600@gmail.com;CONTADOR PÚBLICO;1er cuatrimestre;8;1;Noche
1134626;Escalante Gomez, Paula Pamela;pame.escalant@gmail.com;CONTADOR PÚBLICO;1er cuatrimestre;1;1;Noche
1078045;Gomez, Enzo David;enzogomezriver@hotmail.com;DOB. TIT. CONTADOR PÚBLICO Y ADM. DE EMPRESAS;1er cuatrimestre;26;3;Tarde
1089512;Gonzalez, Maria Azul;azulgonz@hotmail.com;DOB. TIT. CONTADOR PÚBLICO Y ADM. DE EMPRESAS;1er cuatrimestre;35;4;Noche
1152585;Lopez Chenlo, Maximo;maximolopezchenlo@gmail.com;CONTADOR PÚBLICO;1er cuatrimestre;8;1;Tarde
1147918;Donoso, Morena;morenadonoso2312@gmail.com;DOB. TIT. CONTADOR PÚBLICO Y ADM. DE EMPRESAS;1er cuatrimestre;8;1;Mañana
1192268;Vargas Yazzar, Tomas;tomasvy04@gmail.com;CONTADOR PÚBLICO;1er cuatrimestre;0;1;Tarde
1194690;Gerakios, Juan Pablo;juanpablogerakios@gmail.com;CONTADOR PÚBLICO;1er cuatrimestre;9;2;Mañana
1218611;Zamudio Sanchez, Adriana Sarita;adriana.16.sarita@gmail.com;CONTADOR PÚBLICO;1er cuatrimestre;0;1;Noche
1216117;Chipriano, Lautaro Agustin;lauty.chipri06@gmail.com;CONTADOR PÚBLICO;1er cuatrimestre;0;1;Noche
1128723;Marano, Micaela Ayelen;micaelaamarano@gmail.com;CONTADOR PÚBLICO;1er cuatrimestre;18;2;Mañana
1222246;Benitez, Rocio Ailen;ailenbenittez@gmail.com;CONTADOR PÚBLICO;1er cuatrimestre;0;1;Noche
1179580;Lamenza, Luciano;lucianorlamenza@gmail.com;DOB. TIT. CONTADOR PÚBLICO Y ADM. DE EMPRESAS;1er cuatrimestre;10;2;Noche
1210375;Yancovich Gonzalez, Ivo Ezequiel;mtmmytvo@gmail.com;CONTADOR PÚBLICO;1er cuatrimestre;0;1;Mañana
1212969;Varni, Nahuel;nahuelvarni@gmail.com;CONTADOR PÚBLICO;1er cuatrimestre;0;1;Noche
1151664;Romano, Josefina;joseromano2310@gmail.com;CONTADOR PÚBLICO;1er cuatrimestre;14;2;Mañana
1132429;Gomez, Marianela;bileviciusm@hotmail.com;DOB. TIT. CONTADOR PÚBLICO Y ABOGACÍA;2do cuatrimestre;2;1;Noche
1194512;Vera, Gabriela Roxana;gabyvera77@yahoo.com.ar;CONTADOR PÚBLICO;1er cuatrimestre;8;1;Mañana
1220142;Apaza Catari , David ;davidapazacatta10@gmail.com;CONTADOR PÚBLICO;1er cuatrimestre;0;1;Noche
1225433;Gomez, Federico;fedeagustingomez03@gmail.com;DOB. TIT. CONTADOR PÚBLICO Y ADM. DE EMPRESAS;1er cuatrimestre;0;1;Mañana
1225380;Gomez Ferraro, Francisco Nicolas;franciscogomez181818@gmail.com;CONTADOR PÚBLICO;1er cuatrimestre;0;1;Tarde
1222354;Rojas Visochinsky, Tomas;tomasvisochinsky@gmail.com;CONTADOR PÚBLICO;1er cuatrimestre;0;1;Noche
1168416;Miguez, Tomas Luciano;tommytkm04@gmail.com;CONTADOR PÚBLICO;1er cuatrimestre;1;1;Mañana
1177602;Silvestre Torrico, Fabricio Alexander;fabriciosilvestre22@gmail.com;DOB. TIT. CONTADOR PÚBLICO Y FINANZAS;1er cuatrimestre;2;1;Noche
1176542;Sarquis, Joaquin;sarquisjoaquin@gmail.com;CONTADOR PÚBLICO;1er cuatrimestre;8;1;Noche
1191489;Barucco, Bautista;bautistabarucco3@gmail.com;DOB. TIT. CONTADOR PÚBLICO Y ADM. DE EMPRESAS;1er cuatrimestre;6;1;Mañana
1112338;Genes, Melanie;melanie_genes96@hotmail.com;CONTADOR PÚBLICO;1er cuatrimestre;20;3;Noche
1127925;Medrano Ceron, Javier Josue;medranojavier2001@gmail.com;CONTADOR PÚBLICO;1er cuatrimestre;5;1;Noche
1127275;Cerviño, Aylen Rocio;aylen.c97@hotmail.com;CONTADOR PÚBLICO;1er cuatrimestre;18;2;Noche
1217959;Castro Castro, Gonzalo Mario ;gonzalocastro94@gmail.com;CONTADOR PÚBLICO;1er cuatrimestre;0;1;Noche
1194217;Gomez Aquino, Dante Paolo;soydantegomez@gmail.com;CONTADOR PÚBLICO;1er cuatrimestre;5;1;Noche
1172106;Yonna, Johanna Elizabeth;yonnajohanna@gmail.com;DOB. TIT. CONTADOR PÚBLICO Y ABOGACÍA;1er cuatrimestre;13;2;Tarde
1176104;Contreras Cruz, Nelson Alex;nelsonalexcontreras346@gmail.com;CONTADOR PÚBLICO;1er cuatrimestre;2;1;Noche
1174585;Fraiz, Tomas;tomasfraiz96@gmail.com;CONTADOR PÚBLICO;1er cuatrimestre;4;1;Noche
1185715;Ayale, Martin;martinayale2017@gmail.com;CONTADOR PÚBLICO;2do cuatrimestre;17;2;Noche
1136105;Cuno Mamani, Melany Giselle;melanycuno@gmail.com;DOB. TIT. CONTADOR PÚBLICO Y ADM. DE EMPRESAS;1er cuatrimestre;7;1;Mañana
1122195;Morel, Sebastian Alejandro;smorel6971@gmail.com;CONTADOR PÚBLICO;1er cuatrimestre;15;2;Noche
1112067;Fleytas, Braian Agustin;braianfleytas@gmail.com;DOB. TIT. CONTADOR PÚBLICO Y ADM. DE EMPRESAS;1er cuatrimestre;31;4;Noche
1161741;Acevedo, Rodrigo Ezequiel;rodacevedo98@gmail.com;CONTADOR PÚBLICO;2do cuatrimestre;1;1;Noche
1165552;Perez, Axel;axellperez57@gmail.com;CONTADOR PÚBLICO;2do cuatrimestre;6;1;Tarde
1122456;Caffaratti, Anabella;anabellacaffaratti@hotmail.com;CONTADOR PÚBLICO;2do cuatrimestre;25;3;Noche
1213653;Braghiroli, Santiago Benjamin Jesus;gusvavi@gmail.com;CONTADOR PÚBLICO;1er cuatrimestre;0;1;Mañana
1216879;Orlando, Tomas Enrique;tomaseorlando@gmail.com;CONTADOR PÚBLICO;1er cuatrimestre;0;1;Noche
1178436;Costado Aguiar, Delfina Kiara;delfinaaguiarr@gmail.com;CONTADOR PÚBLICO;1er cuatrimestre;5;1;Tarde
1170672;Correa, Matias Ignacio;correamatiasignacio@gmail.com;CONTADOR PÚBLICO;1er cuatrimestre;9;2;Noche
1179544;De Grazia, Juan ;nachodegrazia@gmail.com;DOB. TIT. CONTADOR PÚBLICO Y ADM. DE EMPRESAS;1er cuatrimestre;9;2;Mañana
1193091;Andreotti, Felipe;andreotti.felipe2404@gmail.com;CONTADOR PÚBLICO;1er cuatrimestre;9;2;Tarde
1226007;Kehoe, Juana;juanitakehoe13@gmail.com;CONTADOR PÚBLICO;1er cuatrimestre;0;1;Noche
1175921;Santillan, Julieta;julysantillan23@hotmail.com;CONTADOR PÚBLICO;1er cuatrimestre;13;2;Noche
1172148;Maidana, Dylan Damian;dylan29032005@gmail.com;CONTADOR PÚBLICO;1er cuatrimestre;8;1;Noche
1179562;Guarayo Arias, John Michael;ariasjohn0@gmail.com;CONTADOR PÚBLICO;1er cuatrimestre;3;1;Noche
1122991;Manrique, Andy Luciano;andymanrique79@gmail.com;DOB. TIT. CONTADOR PÚBLICO Y ABOGACÍA;1er cuatrimestre;16;2;Noche
1125785;Perez, Rocio Belen;perezrociobelen@hotmail.com;CONTADOR PÚBLICO;1er cuatrimestre;18;2;Noche
1158066;Molina, Brisa Ludmila;brisa.molina@hotmail.com;CONTADOR PÚBLICO;1er cuatrimestre;16;2;Noche
1196791;Peña López , Damian;damiangonzalo05@gmail.com;CONTADOR PÚBLICO;1er cuatrimestre;1;1;Noche
1208122;Yujra Castro, Joselin Nataly;yosnataly26@gmail.com;CONTADOR PÚBLICO;2do cuatrimestre;1;1;Tarde
1206687;Casazza, Julian;juliancasazza00@gmail.com;CONTADOR PÚBLICO;2do cuatrimestre;2;1;Noche
1158026;Lutowicz, Juan Ignacio;jlutowicz@hotmail.com;DOB. TIT. CONTADOR PÚBLICO Y ADM. DE EMPRESAS;1er cuatrimestre;4;1;Noche
1194857;Ramiro, Renato;elrenix1234@gmail.com;CONTADOR PÚBLICO;1er cuatrimestre;4;1;Noche
1121912;Monzon Vidal, Agustina;tiinamonzon@gmail.com;CONTADOR PÚBLICO;2do cuatrimestre;28;3;Noche
1223015;Navone , Julieta ;navonejulieta@gmail.com;CONTADOR PÚBLICO;1er cuatrimestre;0;1;Mañana
1176701;Chacon Estrada, María Rosa Lujan;chaconlujan26@gmail.com;CONTADOR PÚBLICO;1er cuatrimestre;1;1;Mañana
1186772;Zarauza, Jazmin;jazminzarauza_2001@hotmail.com;DOB. TIT. CONTADOR PÚBLICO Y ADM. DE EMPRESAS;2do cuatrimestre;9;2;Noche
1185157;Mosquera, Leandro Andres;leandro-mosquera@outlook.com;CONTADOR PÚBLICO;2do cuatrimestre;8;1;Mañana
1175079;Handley, Mayra;mayrahandley@icloud.com;CONTADOR PÚBLICO;1er cuatrimestre;0;1;Noche
1225104;Carranza, Ezequiel Ismael;ezecarranza01@gmail.com;CONTADOR PÚBLICO;1er cuatrimestre;0;1;Noche
1166275;Martinez Mendoza, Yazmin Yamila;martinezyamila537@gmail.com;CONTADOR PÚBLICO;2do cuatrimestre;3;1;Noche
1141137;Kerke, Santiago;santiagokerke@gmail.com;CONTADOR PÚBLICO;1er cuatrimestre;13;2;Tarde
1109561;Arias, Jonathan Emmanuel;jonathan_arias22@hotmail.com;CONTADOR PÚBLICO;2do cuatrimestre;19;3;Noche
1106408;Casco Escalada, Santiago Gabriel;santiagocasco1@hotmail.com;CONTADOR PÚBLICO;1er cuatrimestre;7;1;Noche
1184745;Lotorto, Lautaro Ezequiel;lautarolotortouade@gmail.com;DOB. TIT. CONTADOR PÚBLICO Y ADM. DE EMPRESAS;2do cuatrimestre;7;1;Noche
1201115;Palma, Romina Ester;palmaester06@gmail.com;CONTADOR PÚBLICO;1er cuatrimestre;7;1;Noche
1202344;Castaño, Camila;camilacast404@gmail.com;CONTADOR PÚBLICO;1er cuatrimestre;5;1;Noche
1088165;Vianello, Agustin;agusvianello@gmail.com;DOB. TIT. CONTADOR PÚBLICO Y ADM. DE EMPRESAS;1er cuatrimestre;8;1;Noche
1152435;Mollo, Alejo;alejomollo9@gmail.com;DOB. TIT. CONTADOR PÚBLICO Y FINANZAS;1er cuatrimestre;9;2;Noche
1136526;Miozzi, Franco;fdmiozzi@gmail.com;DOB. TIT. CONTADOR PÚBLICO Y FINANZAS;1er cuatrimestre;6;1;Noche
1088311;Aban, Maria Victoria;victoriaaban@hotmail.com;CONTADOR PÚBLICO;1er cuatrimestre;37;4;Tarde
1206800;Casella, Ruben Dario;rubencasella95@gmail.com;CONTADOR PÚBLICO;2do cuatrimestre;0;1;Tarde
1208403;Tomé, Mariano Eduardo;marianotome1811@gmail.com;CONTADOR PÚBLICO;2do cuatrimestre;1;1;Mañana
1135758;Rodriguez, Malena;malenasawi@hotmail.com;CONTADOR PÚBLICO;1er cuatrimestre;0;1;Noche
1178716;Escalante, Daiana;daianaescalante140604@gmail.com;CONTADOR PÚBLICO;2do cuatrimestre;6;1;Noche
1181691;Salerno, Celeste Yasmin;celestesalerno2703@gmail.com;CONTADOR PÚBLICO;1er cuatrimestre;10;2;Noche
1191207;Fiammingo, Mateo;fiammingomateo@gmail.com;CONTADOR PÚBLICO;1er cuatrimestre;8;1;Tarde
1163846;Urdaniz, Juan Francisco;juanfranciscourdaniz@gmail.com;CONTADOR PÚBLICO;2do cuatrimestre;10;2;Noche
1175098;Benitez, Tomas;tommibenitez1@gmail.com;DOB. TIT. CONTADOR PÚBLICO Y ADM. DE EMPRESAS;1er cuatrimestre;18;2;Noche
1198587;Franke, Ramiro Leonel;ramirofranke@gmail.com;CONTADOR PÚBLICO;1er cuatrimestre;4;1;Tarde
1143504;Bonifas Choque, Johanna Estefania;bonifasjohanna1@gmail.com;DOB. TIT. CONTADOR PÚBLICO Y ADM. DE EMPRESAS;1er cuatrimestre;9;2;Noche
1199261;Lopez , Marcos Nazareno;marcoslopez150405@gmail.com;CONTADOR PÚBLICO;1er cuatrimestre;1;1;Mañana
1079412;Palomino Mestanza, Estefany Alexandra;alexandrapalominom@hotmail.com;DOB. TIT. CONTADOR PÚBLICO Y ADM. DE EMPRESAS;1er cuatrimestre;23;3;Noche
1090946;Lopez, Franco Matias;franco_lopez2010@hotmail.com;CONTADOR PÚBLICO;1er cuatrimestre;20;3;Noche
1075160;Spera, Iara Sofia;iarassofia1997@gmail.com;CONTADOR PÚBLICO;2do cuatrimestre;39;4;Noche
1125476;Martinez, Camila Jazmin;camila_jaz1@yahoo.com;CONTADOR PÚBLICO;1er cuatrimestre;18;2;Noche
1113541;Arispe Leaños, Camila Milagros;camy-lea@hotmail.com;DOB. TIT. CONTADOR PÚBLICO Y ADM. DE EMPRESAS;1er cuatrimestre;48;4;Noche
1188272;Capart, Nicolas Matias;nico.capart@gmail.com;DOB. TIT. CONTADOR PÚBLICO Y FINANZAS;1er cuatrimestre;1;1;Noche
1174903;Figueredo Leguizamon, Lucas Javier;lucasfigueredo.lf75@gmail.com;CONTADOR PÚBLICO;1er cuatrimestre;1;1;Noche
1110280;Saravia, Agustina Melany;agussaraviia@gmail.com;DOB. TIT. CONTADOR PÚBLICO Y ADM. DE EMPRESAS;1er cuatrimestre;32;4;Mañana
1080975;Paricollo, Daiana Sabrina;dparicollo2@gmail.com;CONTADOR PÚBLICO;2do cuatrimestre;21;3;Noche
1170815;Morel Adorno, Zoe Lisette;zoemorel66@gmail.com;DOB. TIT. CONTADOR PÚBLICO Y ADM. DE EMPRESAS;1er cuatrimestre;9;2;Noche
1206829;Ortiz, Franco Ezequiel;focalabro95@gmail.com;CONTADOR PÚBLICO;2do cuatrimestre;18;2;Tarde
1028474;Suarez, Juan Ignacio;juan.suarez@hotmail.com;CONTADOR PÚBLICO;2do cuatrimestre;31;4;Noche
1127344;Cartagena Baldoceda, Jeferson Julian;jefersson010@gmail.com;DOB. TIT. CONTADOR PÚBLICO Y ADM. DE EMPRESAS;1er cuatrimestre;12;2;Noche
1086561;Caceres, Daniela Milagros;daniela.milagros@hotmail.com.ar;DOB. TIT. CONTADOR PÚBLICO Y ADM. DE EMPRESAS;2do cuatrimestre;29;4;Noche
1145145;Leite, Yamila Lucia;leiteyamila20@gmail.com;CONTADOR PÚBLICO;2do cuatrimestre;16;2;Tarde
1148257;Lovecky, Alessio;alessiolovecky2004@gmail.com;CONTADOR PÚBLICO;1er cuatrimestre;3;1;Noche
1225325;Achata, Carolina;carolinaachata@gmail.com;CONTADOR PÚBLICO;1er cuatrimestre;0;1;Mañana
1224369;Delfino, Laura Valeria;lauridelfino@gmail.com;CONTADOR PÚBLICO;1er cuatrimestre;0;1;Noche
1115772;Rocca Mendiguren, Francisco;panchorocca@outlook.com;DOB. TIT. CONTADOR PÚBLICO Y ADM. DE EMPRESAS;1er cuatrimestre;22;3;Tarde
