Aula Principal;Sede;Capacidad Real;Capacidad Total;Piso;Edificio
107-AULA;Monserrat;72;65;1;Lima 1
208-AULA;Monserrat;59;59;2;Lima 3
205-AULA;Monserrat;69;65;2;Lima 2
236-AULA;Monserrat;58;58;2;Independencia 1
304-AULA;Monserrat;72;65;3;UBS
307-AULA;Monserrat;68;65;3;Lima 1
108-AULA;Monserrat;72;65;1;Lima 3
504-AULA;Monserrat;72;65;5;Lima 2
204-AULA;Monserrat;72;65;2;Independencia 2
305-AULA;Monserrat;69;65;3;UBS
435-HÍBRIDA;Monserrat;66;50;4;Lima 1
244-AULA;Monserrat;66;65;2;Lima 3
844-AULA;Monserrat;66;65;8;Lima 2
234-AULA;Monserrat;66;48;2;Independencia 3
709-AULA;Monserrat;65;65;7;UBS
235-HÍBRIDA;Monserrat;66;65;2;Lima 1
633-AULA;Monserrat;70;65;6;Lima 3
644-AULA;Monserrat;66;65;6;Lima 2
233-AULA;Monserrat;70;65;2;Independencia 4
310-AULA;Monserrat;64;63;3;UBS
406-AULA;Monserrat;66;65;4;Lima 1
708-AULA;Monserrat;65;65;7;Lima 3
404-AULA;Monserrat;72;65;4;Lima 2
U105-AULA;Monserrat;24;24;U;Independencia 5
843-AULA;Monserrat;45;45;8;UBS
473-ARTE;Monserrat;35;30;4;Lima 1
333-AULA;Monserrat;70;65;3;Lima 3
509-AULA;Monserrat;57;57;5;Lima 2
308-AULA;Monserrat;59;59;3;Independencia 6
507-AULA;Monserrat;68;65;5;UBS
604-AULA;Monserrat;69;60;6;Lima 1
632-AULA;Monserrat;30;30;6;Lima 3
334-AULA;Monserrat;66;65;3;Lima 2
433-AULA;Monserrat;70;65;4;Independencia 7
224-AULA;Monserrat;62;50;2;UBS
635-HÍBRIDA;Monserrat;70;65;6;Lima 1
914-HÍBRIDA;Monserrat;40;40;9;Lima 3
s234-AULA;Monserrat;70;65;S;Lima 2
633-AULA;Monserrat;70;66;6;Independencia 8
065-FIN LAB;Monserrat;65;65;0;UBS
536-AULA;Monserrat;58;58;5;Lima 1
234-AULA;Monserrat;66;65;2;Lima 3
606-AULA;Monserrat;69;65;6;Lima 2
207-AULA;Monserrat;66;65;2;Independencia 9
514-AULA;Monserrat;51;51;5;UBS
714-HÍBRIDA;Monserrat;58;50;7;Lima 1
935-HÍBRIDA;Monserrat;58;50;9;Lima 3
1046-HÍBRIDA;Monserrat;50;50;1;Lima 2
127-AULA;Monserrat;37;37;1;Independencia 10
415-AULA;Monserrat;65;65;4;UBS
734-AULA;Monserrat;60;60;7;Lima 1
s122-TALLER;Monserrat;60;50;S;Lima 3
765-LAB DE VIDEOJUEGOS;Monserrat;56;50;7;Lima 2
1047-HÍBRIDA;Monserrat;50;50;1;Independencia 11
434-AULA;Monserrat;66;65;4;UBS
405-AULA;Monserrat;69;65;4;Lima 1
805-HÍBRIDA;Monserrat;68;65;8;Lima 3
616-AULA;Monserrat;60;60;6;Lima 2
227-AULA;Monserrat;40;40;2;Independencia 12
516-AULA;Monserrat;60;60;5;UBS
448-AULA;Monserrat;80;65;4;Lima 1
408-AULA;Monserrat;60;60;4;Lima 3
525-AULA;Monserrat;51;50;5;Lima 2
764-LAB DE VIDEOJUEGOS;Monserrat;66;65;7;Independencia 13
426-AULA;Monserrat;36;36;4;UBS
s244-AULA;Monserrat;55;55;S;Lima 1
236-AULA;Monserrat;58;50;2;Lima 3
322-AULA;Monserrat;60;60;3;Lima 2
946-AULA;Monserrat;70;66;9;Independencia 14
706-AULA;Monserrat;72;66;7;UBS
544-AULA;Monserrat;66;65;5;Lima 1
933-HÍBRIDA;Monserrat;52;52;9;Lima 3
445-AULA;Monserrat;27;27;4;Lima 2
524-AULA;Monserrat;60;60;5;Independencia 15
105-AULA;Monserrat;63;63;1;UBS
126-AULA;Monserrat;37;37;1;Lima 1
436-AULA;Monserrat;58;58;4;Lima 3
314-AULA;Monserrat;51;50;3;Lima 2
812-HÍBRIDA;Monserrat;44;44;8;Independencia 16
835-HÍBRIDA;Monserrat;42;42;8;UBS
934-HÍBRIDA;Monserrat;52;52;9;Lima 1
704-AULA;Monserrat;72;65;7;Lima 3
915-HÍBRIDA;Monserrat;40;40;9;Lima 2
215-AULA;Monserrat;65;65;2;Independencia 17
943-AULA;Monserrat;45;45;9;UBS
814-AULA;Monserrat;46;45;8;Lima 1
742-AULA;Monserrat;58;58;7;Lima 3
747-HÍBRIDA;Monserrat;50;50;7;Lima 2
715-HÍBRIDA;Monserrat;56;50;7;Independencia 18
222-AULA;Monserrat;62;62;2;UBS
746-AULA;Monserrat;57;57;7;Lima 1
344-AULA;Monserrat;37;37;3;Lima 3
815-AULA;Monserrat;46;46;8;Lima 2
811-HÍBRIDA;Monserrat;48;48;8;Independencia 19
323-AULA;Monserrat;60;60;3;UBS
948-HÍBRIDA;Monserrat;52;52;9;Lima 1
513-AULA;Monserrat;60;60;5;Lima 3
324-AULA;Monserrat;60;60;3;Lima 2
736-AULA;Monserrat;60;60;7;Independencia 20
206-AULA;Monserrat;66;65;2;UBS
850-HÍBRIDA;Monserrat;56;56;8;Lima 1
416-AULA;Monserrat;60;60;4;Lima 3
846-AULA;Monserrat;57;57;8;Lima 2
510-AULA;Monserrat;57;57;5;Independencia 21
734-AULA;Monserrat;60;54;7;UBS
936-HÍBRIDA;Monserrat;38;38;9;Lima 1
465-LAB TALLER DE DISEÑO INDUSTRIAL;Monserrat;50;50;4;Lima 3
s225-TALLER;Monserrat;60;40;S;Lima 2
s165-TALLER;Monserrat;60;50;S;Independencia 22
165-LAB MULTIPLATAFORMA-MAC;Monserrat;50;50;1;UBS
707-AULA;Monserrat;72;65;7;Lima 1
422-AULA;Monserrat;60;60;4;Lima 3
543-AULA;Monserrat;45;45;5;Lima 2
245-AULA;Monserrat;57;57;2;Independencia 23
522-AULA;Monserrat;60;60;5;UBS
505-AULA;Monserrat;69;67;5;Lima 1
548-AULA;Monserrat;67;66;5;Lima 3
423-AULA;Monserrat;60;60;4;Lima 2
325-AULA;Monserrat;59;60;3;Independencia 24
642-AULA;Monserrat;58;58;6;UBS
210-AULA;Monserrat;64;64;2;Lima 1
663-LAB DE INFORMÁTICA;Monserrat;50;50;6;Lima 3
545-AULA;Monserrat;52;50;5;Lima 2
834-HÍBRIDA;Monserrat;44;44;8;Independencia 25
743-AULA;Monserrat;48;48;7;UBS
547-AULA;Monserrat;80;65;5;Lima 1
124-AULA;Monserrat;57;57;1;Lima 3
292-HÍBRIDA;Monserrat;40;40;2;Lima 2
s232-AULA;Monserrat;56;56;S;Independencia 26
816-HÍBRIDA;Monserrat;44;44;8;UBS
309-AULA;Monserrat;51;51;3;Lima 1
647-HÍBRIDA;Monserrat;50;50;6;Lima 3
CLASE REMOTA;Monserrat;65;60;C;Lima 2
365-LAB DE IDIOMAS;Monserrat;35;14;3;Independencia 27
S172-ARTE;Monserrat;40;30;S;UBS
474-ARTE;Monserrat;30;30;4;Lima 1
762-AULA;Monserrat;27;27;7;Lima 3
913-HÍBRIDA;Monserrat;66;65;9;Lima 2
242-AULA;Monserrat;58;58;2;Independencia 28
525-AULA;Monserrat;51;51;5;UBS
313-AULA;Monserrat;60;60;3;Lima 1
125-AULA;Monserrat;57;50;1;Lima 3
1042-AULA;Monserrat;32;32;1;Lima 2
223-AULA;Monserrat;62;62;2;Independencia 29
614-AULA;Monserrat;51;51;6;UBS
-;Monserrat;-;30;-;Lima 1
315-AULA;Monserrat;65;65;3;Lima 3
706-AULA;Monserrat;72;65;7;Lima 2
945-AULA;Monserrat;70;65;9;Independencia 30
645-AULA;Monserrat;52;52;6;UBS
609-AULA;Monserrat;69;68;6;Lima 1
946-AULA;Monserrat;70;65;9;Lima 3
425-AULA;Monserrat;59;59;4;Lima 2
634-AULA;Monserrat;60;60;6;Independencia 31
s243-TALLER;Monserrat;54;50;S;UBS
648-HÍBRIDA;Monserrat;40;40;6;Lima 1
423-AULA;Monserrat;60;50;4;Lima 3
508-AULA;Monserrat;66;65;5;Lima 2
310-AULA;Monserrat;64;64;3;Independencia 32
-;Monserrat;-;65;-;UBS
335-HÍBRIDA;Monserrat;66;65;3;Lima 1
407-AULA;Monserrat;68;65;4;Lima 3
164-LAB MULTIPLATAFORMA-MAC;Monserrat;60;60;1;Lima 2
605-AULA;Monserrat;72;65;6;Independencia 33
608-AULA;Monserrat;69;65;6;UBS
565-LAB DE INFORMÁTICA;Monserrat;60;60;5;Lima 1
226-AULA;Monserrat;40;40;2;Lima 3
515-AULA;Monserrat;65;65;5;Lima 2
424-AULA;Monserrat;60;60;4;Independencia 34
309-AULA;Monserrat;51;50;3;UBS
209-AULA;Monserrat;51;50;2;Lima 1
604-AULA;Monserrat;69;65;6;Lima 3
664-LAB DE INFORMÁTICA;Monserrat;66;65;6;Lima 2
527-AULA;Monserrat;33;33;5;Independencia 35
414-AULA;Monserrat;51;50;4;UBS
408-AULA;Monserrat;60;59;4;Lima 1
316-AULA;Monserrat;60;60;3;Lima 3
216-AULA;Monserrat;60;60;2;Lima 2
293-HÍBRIDA;Monserrat;48;45;2;Independencia 36
744-AULA;Monserrat;66;65;7;UBS
296-HÍBRIDA;Monserrat;40;40;2;Lima 1
s233-AULA;Monserrat;60;60;S;Lima 3
P005-HÍBRIDA;Monserrat;64;64;P;Lima 2
P002-AULA INFORMATICA;Monserrat;30;30;P;Independencia 37
P103-HÍBRIDA;Monserrat;36;36;P;UBS
P015-AULA;Monserrat;66;59;P;Lima 1
P014-HÍBRIDA;Monserrat;48;48;P;Lima 3
-;Monserrat;-;59;-;Lima 2
P006-HÍBRIDA;Monserrat;18;18;P;Independencia 38
P107-HÍBRIDA;Monserrat;46;46;P;UBS
P111-TALLER GASTRONOMIA;Monserrat;30;26;P;Lima 1
P009-HÍBRIDA;Monserrat;32;32;P;Lima 3
P007-HÍBRIDA;Monserrat;54;54;P;Lima 2
P015-AULA;Monserrat;66;32;P;Independencia 39
P007-HÍBRIDA;Monserrat;54;38;P;UBS
P013-HÍBRIDA;Monserrat;49;49;P;Lima 1
P105-AULA;Monserrat;40;40;P;Lima 3
P108-HÍBRIDA;Monserrat;38;38;P;Lima 2
P100-TALLER;Monserrat;16;16;P;Independencia 40
P104-HÍBRIDA;Monserrat;36;36;P;UBS
P001-AULA INFORMATICA;Monserrat;40;36;P;Lima 1
P008-HÍBRIDA;Monserrat;20;20;P;Lima 3
P003-HEMICICLO;Monserrat;64;64;P;Lima 2
P010-HUB/VR;Monserrat;26;26;P;Independencia 41
P109-HÍBRIDA;Monserrat;44;44;P;UBS
P101-HÍBRIDA;Monserrat;18;18;P;Lima 1
P015-AULA;Monserrat;66;65;P;Lima 3
P106-AULA;Monserrat;46;46;P;Lima 2
P102-HÍBRIDA;Monserrat;34;34;P;Independencia 42
P004-HÍBRIDA;Monserrat;38;38;P;UBS
B101-HÍBRIDA;Monserrat;50;50;B;Lima 1
B006-AULA;Monserrat;30;30;B;Lima 3
B002-HÍBRIDA;Monserrat;52;52;B;Lima 2
306-AULA;Monserrat;66;60;3;Independencia 43
B004-AULA;Monserrat;63;63;B;UBS
307-AULA;Monserrat;68;60;3;Lima 1
B003-HÍBRIDA;Monserrat;24;24;B;Lima 3
P100-TALLER;Monserrat;16;20;P;Lima 2
306-AULA;Monserrat;66;65;3;Independencia 44
SUM-HÍBRIDA;Monserrat;28;28;S;UBS
B001-AULA;Monserrat;25;25;B;Lima 1
P005-HÍBRIDA;Monserrat;64;59;P;Lima 3
334-AULA;Monserrat;66;60;3;Lima 2
544-AULA;Monserrat;66;60;5;Independencia 45
707-AULA;Monserrat;72;60;7;UBS
506-AULA;Monserrat;66;65;5;Lima 1
865-LAB DE INFORMÁTICA;Monserrat;60;60;8;Lima 3
508-AULA;Monserrat;66;60;5;Lima 2
704-AULA;Monserrat;72;60;7;Independencia 46
706-AULA;Monserrat;72;60;7;UBS
664-LAB DE INFORMÁTICA;Monserrat;60;60;6;Lima 1
533-AULA;Monserrat;70;65;5;Lima 3
605-AULA;Monserrat;72;60;6;Lima 2
564-LAB DE INFORMÁTICA;Monserrat;60;60;5;Independencia 47
606-AULA;Monserrat;69;60;6;UBS
305-AULA;Monserrat;69;60;3;Lima 1
607-AULA;Monserrat;72;60;6;Lima 3
733-AULA;Monserrat;70;66;7;Lima 2
507-AULA;Monserrat;68;60;5;Independencia 48
944-AULA;Monserrat;66;60;9;UBS
434-AULA;Monserrat;66;60;4;Lima 1
705-AULA;Monserrat;72;60;7;Lima 3
364-LAB DE INFORMÁTICA;Monserrat;60;60;3;Lima 2
B005-AULA;Monserrat;32;32;B;Independencia 49
U107-AULA;Monserrat;32;32;U;UBS
U106-AULA;Monserrat;42;42;U;Lima 1
CLASE REMOTA;Monserrat;65;59;C;Lima 3
-;Monserrat;-;19;-;Lima 2
P003-HEMICICLO;Monserrat;64;59;P;Independencia 50
P005-HÍBRIDA;Monserrat;64;61;P;UBS
P108-HÍBRIDA;Monserrat;38;46;P;Lima 1
-;Monserrat;-;70;-;Lima 3
-;Monserrat;-;60;-;Lima 2
P001-AULA INFORMATICA;Monserrat;40;40;P;Independencia 51
P003-HEMICICLO;Monserrat;64;18;P;UBS
CLASE REMOTA;Monserrat;65;20;C;Lima 1
B004-AULA;Monserrat;63;60;B;Lima 3
P009-HÍBRIDA;Monserrat;32;20;P;Lima 2
B101-HÍBRIDA;Monserrat;50;45;B;Independencia 52
U205-AULA;Monserrat;80;60;U;UBS
U104-AULA;Monserrat;24;24;U;Lima 1
U201-AULA;Monserrat;32;32;U;Lima 3
U202-AULA;Monserrat;24;24;U;Lima 2
-;Monserrat;-;24;-;Independencia 53
U205-AULA;Monserrat;80;65;U;UBS
B004-AULA;Monserrat;63;50;B;Lima 1
P109-HÍBRIDA;Monserrat;44;30;P;Lima 3
U205-AULA;Monserrat;80;59;U;Lima 2
U107-AULA;Monserrat;32;24;U;Independencia 54
B004-AULA;Monserrat;63;59;B;UBS
B007-HÍBRIDA;Monserrat;24;24;B;Lima 1
B002-HÍBRIDA;Monserrat;52;50;B;Lima 3
B102-AULA;Monserrat;20;20;B;Lima 2
564-LAB DE INFORMÁTICA;Monserrat;60;50;5;Independencia 55
-;Monserrat;-;40;-;UBS
765-LAB DE VIDEOJUEGOS;Monserrat;56;56;7;Lima 1
435-HÍBRIDA;Monserrat;66;30;4;Lima 3
P110-MINI AUDITORIO GASTRONOMIA;Monserrat;40;40;P;Lima 2
P110-MINI AUDITORIO GASTRONOMIA;Monserrat;40;26;P;Independencia 56
P110-MINI AUDITORIO GASTRONOMIA;Monserrat;40;30;P;UBS
P007-HÍBRIDA;Monserrat;54;30;P;Lima 1
P107-HÍBRIDA;Monserrat;46;30;P;Lima 3
P108-HÍBRIDA;Monserrat;38;30;P;Lima 2
P106-AULA;Monserrat;46;40;P;Independencia 57
P013-HÍBRIDA;Monserrat;49;30;P;UBS
942-AULA;Monserrat;58;58;9;Lima 1
944-AULA;Monserrat;66;65;9;Lima 3
646-AULA;Monserrat;57;57;6;Lima 2
526-AULA;Monserrat;36;36;5;Independencia 58
510-AULA;Monserrat;57;55;5;UBS
863-LAB DE INFORMÁTICA;Monserrat;60;60;8;Lima 1
613-AULA;Monserrat;60;60;6;Lima 3
506-AULA;Monserrat;66;66;5;Lima 2
636-AULA;Monserrat;58;58;6;Independencia 59
615-AULA;Monserrat;65;65;6;UBS
s236-AULA;Monserrat;50;50;S;Lima 1
917-HÍBRIDA;Monserrat;40;40;9;Lima 3
513-AULA;Monserrat;60;47;5;Lima 2
546-AULA;Monserrat;57;57;5;Independencia 60
243-AULA;Monserrat;48;48;2;UBS
542-AULA;Monserrat;58;58;5;Lima 1
842-AULA;Monserrat;58;58;8;Lima 3
342-AULA;Monserrat;58;58;3;Lima 2
295-HÍBRIDA;Monserrat;60;60;2;Independencia 61
246-AULA;Monserrat;54;54;2;UBS
343-AULA;Monserrat;48;48;3;Lima 1
s235-AULA;Monserrat;50;50;S;Lima 3
645-AULA;Monserrat;52;50;6;Lima 2
S135-MINIAUDITORIO;Monserrat;48;48;S;Independencia 62
248-AULA;Monserrat;67;65;2;UBS
913-HÍBRIDA;Monserrat;66;58;9;Lima 1
735-HÍBRIDA;Monserrat;70;65;7;Lima 3
449-AULA;Monserrat;67;65;4;Lima 2
336-AULA;Monserrat;58;58;3;Independencia 63
705-AULA;Monserrat;72;65;7;UBS
413-AULA;Monserrat;60;60;4;Lima 1
347-AULA;Monserrat;54;50;3;Lima 3
1147-HEMICICLO;Monserrat;60;60;1;Lima 2
947-HÍBRIDA;Monserrat;60;60;9;Independencia 64
P014-HÍBRIDA;Monserrat;48;30;P;UBS
523-AULA;Monserrat;48;48;5;Lima 1
P015-AULA;Monserrat;66;30;P;Lima 3
P105-AULA;Monserrat;40;30;P;Lima 2
s245-AULA;Monserrat;55;55;S;Independencia 65
446-AULA;Monserrat;48;48;4;UBS
535-HÍBRIDA;Monserrat;66;60;5;Lima 1
607-AULA;Monserrat;72;65;6;Lima 3
905-HÍBRIDA;Monserrat;64;64;9;Lima 2
813-HÍBRIDA;Monserrat;44;44;8;Independencia 66
106-AULA;Monserrat;39;39;1;UBS
325-AULA;Monserrat;59;59;3;Lima 1
609-AULA;Monserrat;69;65;6;Lima 3
505-AULA;Monserrat;69;65;5;Lima 2
S135-MINIAUDITORIO;Monserrat;48;45;S;Independencia 67
347-AULA;Monserrat;54;54;3;UBS
732-AULA;Monserrat;30;30;7;Lima 1
545-AULA;Monserrat;52;52;5;Lima 3
S133-MINIAUDITORIO;Monserrat;48;48;S;Lima 2
745-AULA;Monserrat;52;52;7;Independencia 68
535-HÍBRIDA;Monserrat;66;65;5;UBS
448-AULA;Monserrat;80;66;4;Lima 1
225-AULA;Monserrat;62;62;2;Lima 3
435-HÍBRIDA;Monserrat;66;65;4;Lima 2
443-AULA;Monserrat;48;48;4;Independencia 69
427-AULA;Monserrat;36;36;4;UBS
442-AULA;Monserrat;58;58;4;Lima 1
733-AULA;Monserrat;70;65;7;Lima 3
713-HÍBRIDA;Monserrat;56;56;7;Lima 2
365-LAB DE IDIOMAS;Monserrat;35;35;3;Independencia 70
534-AULA;Monserrat;60;60;5;UBS
514-AULA;Monserrat;51;48;5;Lima 1
864-LAB DE INFORMÁTICA;Monserrat;66;60;8;Lima 3
647-HÍBRIDA;Monserrat;50;35;6;Lima 2
944-AULA;Monserrat;66;66;9;Independencia 71
163-AULA;Monserrat;24;24;1;UBS
643-AULA;Monserrat;48;48;6;Lima 1
744-AULA;Monserrat;66;60;7;Lima 3
122-AULA;Monserrat;39;39;1;Lima 2
409-AULA;Monserrat;57;57;4;Independencia 72
935-HÍBRIDA;Monserrat;64;63;9;UBS
243-AULA;Monserrat;48;45;2;Lima 1
845-AULA;Monserrat;52;52;8;Lima 3
S134-MINIAUDITORIO;Monserrat;58;58;S;Lima 2
535-HÍBRIDA;Monserrat;66;50;5;Independencia 73
213-AULA;Monserrat;60;60;2;UBS
735-HÍBRIDA;Monserrat;70;60;7;Lima 1
123-AULA;Monserrat;39;39;1;Lima 3
714-HÍBRIDA;Monserrat;58;58;7;Lima 2
295-HÍBRIDA;Monserrat;60;53;2;Independencia 74
107-AULA;Monserrat;72;66;1;UBS
1165-LAB DE NUTRICIÓN, ELECTROTECNIA Y FÍSICA;Monserrat;60;58;1;Lima 1
1043-AULA;Monserrat;36;36;1;Lima 3
864-LAB DE INFORMÁTICA;Monserrat;66;65;8;Lima 2
372-ARTE;Monserrat;40;30;3;Independencia 75
365-LAB DE IDIOMAS;Monserrat;35;17;3;UBS
247-AULA;Monserrat;80;65;2;Lima 1
373-ARTE;Monserrat;40;30;3;Lima 3
1147-HEMICICLO;Monserrat;60;59;1;Lima 2
304-AULA;Monserrat;72;67;3;Independencia 76
172-ARTE;Monserrat;40;30;1;UBS
308-AULA;Monserrat;59;40;3;Lima 1
364-LAB DE INFORMÁTICA;Monserrat;60;50;3;Lima 3
1148-HEMICICLO;Monserrat;36;36;1;Lima 2
410-AULA;Monserrat;57;57;4;Independencia 77
763-LAB DE INFORMÁTICA;Monserrat;56;56;7;UBS
916-HÍBRIDA;Monserrat;40;30;9;Lima 1
415-AULA;Monserrat;65;60;4;Lima 3
333-AULA;Monserrat;70;60;3;Lima 2
407-AULA;Monserrat;68;66;4;Independencia 78
472-ARTE;Monserrat;35;30;4;UBS
222-AULA;Monserrat;62;60;2;Lima 1
294-HÍBRIDA;Monserrat;40;40;2;Lima 3
173-ARTE;Monserrat;35;30;1;Lima 2
565-LAB DE INFORMÁTICA;Monserrat;60;51;5;Independencia 79
865-LAB DE INFORMÁTICA;Monserrat;60;50;8;UBS
845-AULA;Monserrat;52;50;8;Lima 1
765-LAB DE VIDEOJUEGOS;Monserrat;56;52;7;Lima 3
s223-TALLER;Monserrat;60;50;S;Lima 2
164-LAB MULTIPLATAFORMA-MAC;Monserrat;60;50;1;Independencia 80
s122-TALLER;Monserrat;60;60;S;UBS
S104-TALLER;Monserrat;65;50;S;Lima 1
s125-TALLER;Monserrat;60;50;S;Lima 3
916-HÍBRIDA;Monserrat;40;40;9;Lima 2
s222-TALLER;Monserrat;60;50;S;Independencia 81
s163-TALLER;Monserrat;50;50;S;UBS
661-LAB DE INFORMÁTICA;Monserrat;30;30;6;Lima 1
404-AULA;Monserrat;72;66;4;Lima 3
932-AULA;Monserrat;17;17;9;Lima 2
748-HÍBRIDA;Monserrat;40;40;7;Independencia 82
948-HÍBRIDA;Monserrat;52;50;9;UBS
862-AULA;Monserrat;27;27;8;Lima 1
1165-LAB DE NUTRICIÓN, ELECTROTECNIA Y FÍSICA;Monserrat;60;60;1;Lima 3
532-AULA;Monserrat;30;30;5;Lima 2
548-AULA;Monserrat;67;65;5;Independencia 83
348-AULA;Monserrat;80;65;3;UBS
708-AULA;Monserrat;65;60;7;Lima 1
946-AULA;Monserrat;70;67;9;Lima 3
349-AULA;Monserrat;67;65;3;Lima 2
335-HÍBRIDA;Monserrat;66;60;3;Independencia 84
444-AULA;Monserrat;37;37;4;UBS
S133-MINIAUDITORIO;Monserrat;48;45;S;Lima 1
864-LAB DE INFORMÁTICA;Monserrat;60;50;8;Lima 3
s245-AULA;Monserrat;55;45;S;Lima 2
447-AULA;Monserrat;54;50;4;Independencia 85
763-LAB DE INFORMÁTICA;Monserrat;50;50;7;UBS
664-LAB DE INFORMÁTICA;Monserrat;66;50;6;Lima 1
947-HÍBRIDA;Monserrat;60;57;9;Lima 3
1045-TALLER;Monserrat;64;50;1;Lima 2
565-LAB DE INFORMÁTICA;Monserrat;60;50;5;Independencia 86
265-LAB TALLER DE TEXTIL;Monserrat;55;50;2;UBS
264-LAB DE ESTAMPADO Y SERIGRAFÍA;Monserrat;30;30;2;Lima 1
s124-TALLER;Monserrat;60;50;S;Lima 3
s225-TALLER;Monserrat;60;50;S;Lima 2
s242-TALLER;Monserrat;64;50;S;Independencia 87
s123-TALLER;Monserrat;60;50;S;UBS
214-AULA;Monserrat;51;50;2;Lima 1
1044-TALLER;Monserrat;36;36;1;Lima 3
205-AULA;Monserrat;69;66;2;Lima 2
235-HÍBRIDA;Monserrat;66;60;2;Independencia 88
209-AULA;Monserrat;51;51;2;UBS
744-AULA;Monserrat;66;66;7;Lima 1
849-HÍBRIDA;Monserrat;56;50;8;Lima 3
415-AULA;Monserrat;65;45;4;Lima 2
414-AULA;Monserrat;51;45;4;Independencia 89
225-AULA;Monserrat;62;60;2;UBS
814-AULA;Monserrat;46;46;8;Lima 1
864-LAB DE INFORMÁTICA;Monserrat;66;50;8;Lima 3
125-AULA;Monserrat;57;57;1;Lima 2
207-AULA;Monserrat;66;66;2;Independencia 90
327-AULA;Monserrat;36;36;3;UBS
S104-TALLER;Monserrat;65;60;S;Lima 1
326-AULA;Monserrat;36;36;3;Lima 3
742-AULA;Monserrat;58;57;7;Lima 2
665-LAB DE INFORMÁTICA;Monserrat;56;56;6;Independencia 91
1164-LAB DE ELECTRÓNICA Y TELECOMUNICACIONES II;Monserrat;45;45;1;UBS
405-AULA;Monserrat;69;66;4;Lima 1
346-AULA;Monserrat;48;48;3;Lima 3
913-HÍBRIDA;Monserrat;66;63;9;Lima 2
863-LAB DE INFORMÁTICA;Monserrat;60;56;8;Independencia 92
664-LAB DE INFORMÁTICA;Monserrat;66;60;6;UBS
210-AULA;Monserrat;64;61;2;Lima 1
763-LAB DE INFORMÁTICA;Monserrat;56;50;7;Lima 3
s243-TALLER;Monserrat;54;54;S;Lima 2
310-AULA;Monserrat;64;60;3;Independencia 93
s245-AULA;Monserrat;55;50;S;UBS
635-HÍBRIDA;Monserrat;70;40;6;Lima 1
934-HÍBRIDA;Monserrat;52;50;9;Lima 3
345-AULA;Monserrat;27;27;3;Lima 2
s224-TALLER;Monserrat;60;44;S;Independencia 94
224-AULA;Monserrat;62;62;2;UBS
293-HÍBRIDA;Monserrat;48;48;2;Lima 1
s224-TALLER;Monserrat;60;50;S;Lima 3
665-LAB DE INFORMÁTICA;Monserrat;50;50;6;Lima 2
713-HÍBRIDA;Monserrat;56;50;7;Independencia 95
764-LAB DE VIDEOJUEGOS;Monserrat;60;50;7;UBS
631-AULA;Monserrat;14;14;6;Lima 1
s242-TALLER;Monserrat;64;48;S;Lima 3
635-HÍBRIDA;Monserrat;70;50;6;Lima 2
432-AULA;Monserrat;17;17;4;Independencia 96
244-AULA;Monserrat;66;66;2;UBS
533-AULA;Monserrat;70;66;5;Lima 1
224-AULA;Monserrat;62;60;2;Lima 3
762-AULA;Monserrat;24;24;7;Lima 2
715-HÍBRIDA;Monserrat;56;56;7;Independencia 97
314-AULA;Monserrat;51;51;3;UBS
414-AULA;Monserrat;51;51;4;Lima 1
434-AULA;Monserrat;66;66;4;Lima 3
935-HÍBRIDA;Monserrat;64;64;9;Lima 2
942-AULA;Monserrat;58;50;9;Independencia 98
846-AULA;Monserrat;57;54;8;UBS
833-AULA;Monserrat;14;14;8;Lima 1
504-AULA;Monserrat;72;60;5;Lima 3
865-LAB DE INFORMÁTICA;Monserrat;60;47;8;Lima 2
s165-TALLER;Monserrat;60;47;S;Independencia 99
s244-AULA;Monserrat;55;50;S;UBS
713-HÍBRIDA;Monserrat;56;44;7;Lima 1
913-HÍBRIDA;Monserrat;66;60;9;Lima 3
206-AULA;Monserrat;66;66;2;Lima 2
547-AULA;Monserrat;80;48;5;Independencia 100
065-FIN LAB;Monserrat;65;66;0;UBS
505-AULA;Monserrat;69;60;5;Lima 1
862-AULA;Monserrat;22;22;8;Lima 3
107-AULA;Monserrat;72;67;1;Lima 2
849-HÍBRIDA;Monserrat;56;56;8;Independencia 101
108-AULA;Monserrat;72;60;1;UBS
214-AULA;Monserrat;51;51;2;Lima 1
447-AULA;Monserrat;54;54;4;Lima 3
413-AULA;Monserrat;60;50;4;Lima 2
-;Monserrat;-;32;-;Independencia 102
449-AULA;Monserrat;67;66;4;UBS
172-ARTE;Monserrat;40;24;1;Lima 1
304-AULA;Monserrat;72;60;3;Lima 3
614-AULA;Monserrat;51;40;6;Lima 2
245-AULA;Monserrat;57;50;2;Independencia 103
614-AULA;Monserrat;51;50;6;UBS
348-AULA;Monserrat;80;60;3;Lima 1
1164-LAB DE ELECTRÓNICA Y TELECOMUNICACIONES II;Monserrat;45;27;1;Lima 3
S104-TALLER;Monserrat;65;65;S;Lima 2
233-AULA;Monserrat;70;66;2;Independencia 104
747-HÍBRIDA;Monserrat;50;58;7;UBS
210-AULA;Monserrat;64;60;2;Lima 1
713-HÍBRIDA;Monserrat;56;45;7;Lima 3
636-AULA;Monserrat;58;50;6;Lima 2
S144-TALLER DE GASTRONOMÍA;Monserrat;30;60;S;Independencia 105
713-HÍBRIDA;Monserrat;56;40;7;UBS
865-LAB DE INFORMÁTICA;Monserrat;66;50;8;Lima 1
842-AULA;Monserrat;58;57;8;Lima 3
s244-AULA;Monserrat;55;53;S;Lima 2
642-AULA;Monserrat;58;50;6;Independencia 106
709-AULA;Monserrat;65;60;7;UBS
s124-TALLER;Monserrat;60;60;S;Lima 1
349-AULA;Monserrat;67;60;3;Lima 3
s232-AULA;Monserrat;56;45;S;Lima 2
933-HÍBRIDA;Monserrat;52;50;9;Independencia 107
s163-TALLER;Monserrat;50;48;S;UBS
765-LAB DE VIDEOJUEGOS;Monserrat;50;50;7;Lima 1
805-HÍBRIDA;Monserrat;68;66;8;Lima 3
844-AULA;Monserrat;66;66;8;Lima 2
947-HÍBRIDA;Monserrat;60;50;9;Independencia 108
606-AULA;Monserrat;69;64;6;UBS
748-HÍBRIDA;Monserrat;40;35;7;Lima 1
348-AULA;Monserrat;80;67;3;Lima 3
646-AULA;Monserrat;57;50;6;Lima 2
435-HÍBRIDA;Monserrat;66;60;4;Independencia 109
248-AULA;Monserrat;67;62;2;UBS
850-HÍBRIDA;Monserrat;56;50;8;Lima 1
846-AULA;Monserrat;57;51;8;Lima 3
-;Monserrat;-;55;-;Lima 2
605-AULA;Monserrat;72;59;6;Independencia 110
805-HÍBRIDA;Monserrat;68;59;8;UBS
746-AULA;Monserrat;57;50;7;Lima 1
416-AULA;Monserrat;60;59;4;Lima 3
424-AULA;Monserrat;60;59;4;Lima 2
609-AULA;Monserrat;69;59;6;Independencia 111
205-AULA;Monserrat;69;59;2;UBS
322-AULA;Monserrat;60;59;3;Lima 1
534-AULA;Monserrat;60;59;5;Lima 3
522-AULA;Monserrat;60;59;5;Lima 2
306-AULA;Monserrat;66;59;3;Independencia 112
705-AULA;Monserrat;72;59;7;UBS
515-AULA;Monserrat;65;60;5;Lima 1
506-AULA;Monserrat;66;60;5;Lima 3
S172-ARTE;Monserrat;40;31;S;Lima 2
615-AULA;Monserrat;65;59;6;Independencia 113
744-AULA;Monserrat;66;59;7;UBS
707-AULA;Monserrat;72;59;7;Lima 1
733-AULA;Monserrat;70;59;7;Lima 3
310-AULA;Monserrat;64;59;3;Lima 2
204-AULA;Monserrat;72;59;2;Independencia 114
448-AULA;Monserrat;80;59;4;UBS
s233-AULA;Monserrat;60;59;S;Lima 1
516-AULA;Monserrat;60;59;5;Lima 3
105-AULA;Monserrat;63;59;1;Lima 2
207-AULA;Monserrat;66;59;2;Independencia 115
434-AULA;Monserrat;66;59;4;UBS
413-AULA;Monserrat;60;59;4;Lima 1
546-AULA;Monserrat;57;48;5;Lima 3
505-AULA;Monserrat;69;59;5;Lima 2
544-AULA;Monserrat;66;59;5;Independencia 116
406-AULA;Monserrat;66;59;4;UBS
405-AULA;Monserrat;69;59;4;Lima 1
606-AULA;Monserrat;69;59;6;Lima 3
307-AULA;Monserrat;68;59;3;Lima 2
864-LAB DE INFORMÁTICA;Monserrat;66;59;8;Independencia 117
514-AULA;Monserrat;51;45;5;UBS
614-AULA;Monserrat;51;45;6;Lima 1
635-HÍBRIDA;Monserrat;70;59;6;Lima 3
706-AULA;Monserrat;72;59;7;Lima 2
407-AULA;Monserrat;68;60;4;Independencia 118
-;Monserrat;-;48;-;UBS
-;Monserrat;-;72;-;Lima 1
644-AULA;Monserrat;66;60;6;Lima 3
292-HÍBRIDA;Monserrat;40;30;2;Lima 2
-;Monserrat;-;57;-;Independencia 119
607-AULA;Monserrat;72;66;6;UBS
P013-HÍBRIDA;Monserrat;49;45;P;Lima 1
s165-TALLER;Monserrat;60;60;S;Lima 3
449-AULA;Monserrat;67;60;4;Lima 2
508-AULA;Monserrat;66;59;5;Independencia 120
863-LAB DE INFORMÁTICA;Monserrat;60;45;8;UBS
423-AULA;Monserrat;60;59;4;Lima 1
547-AULA;Monserrat;80;69;5;Lima 3
913-HÍBRIDA;Monserrat;66;66;9;Lima 2
AUDITORIO;Monserrat;200;30;A;Independencia 121
735-HÍBRIDA;Monserrat;70;59;7;UBS
207-AULA;Monserrat;66;61;2;Lima 1
307-AULA;Monserrat;68;66;3;Lima 3
905-HÍBRIDA;Monserrat;64;59;9;Lima 2
1165-LAB DE NUTRICIÓN, ELECTROTECNIA Y FÍSICA;Monserrat;60;32;1;Independencia 122
946-AULA;Monserrat;70;60;9;UBS
s125-TALLER;Monserrat;60;60;S;Lima 1
315-AULA;Monserrat;65;59;3;Lima 3
265-LAB TALLER DE TEXTIL;Monserrat;55;55;2;Lima 2
523-AULA;Monserrat;48;45;5;Independencia 123
225-AULA;Monserrat;62;50;2;UBS
295-HÍBRIDA;Monserrat;60;59;2;Lima 1
764-LAB DE VIDEOJUEGOS;Monserrat;66;59;7;Lima 3
449-AULA;Monserrat;67;59;4;Lima 2
247-AULA;Monserrat;80;59;2;Independencia 124
348-AULA;Monserrat;80;59;3;UBS
233-AULA;Monserrat;70;59;2;Lima 1
844-AULA;Monserrat;66;59;8;Lima 3
524-AULA;Monserrat;60;59;5;Lima 2
324-AULA;Monserrat;60;59;3;Independencia 125
1044-TALLER;Monserrat;36;30;1;UBS
762-AULA;Monserrat;27;58;7;Lima 1
235-HÍBRIDA;Monserrat;66;50;2;Lima 3
764-LAB DE VIDEOJUEGOS;Monserrat;66;52;7;Lima 2
334-AULA;Monserrat;66;59;3;Independencia 126
543-AULA;Monserrat;45;40;5;UBS
308-AULA;Monserrat;59;51;3;Lima 1
548-AULA;Monserrat;67;60;5;Lima 3
616-AULA;Monserrat;60;59;6;Lima 2
535-HÍBRIDA;Monserrat;66;59;5;Independencia 127
1147-HEMICICLO;Monserrat;60;62;1;UBS
633-AULA;Monserrat;70;59;6;Lima 1
248-AULA;Monserrat;67;59;2;Lima 3
213-AULA;Monserrat;60;59;2;Lima 2
407-AULA;Monserrat;68;59;4;Independencia 128
415-AULA;Monserrat;65;59;4;UBS
947-HÍBRIDA;Monserrat;60;59;9;Lima 1
244-AULA;Monserrat;66;59;2;Lima 3
422-AULA;Monserrat;60;59;4;Lima 2
863-LAB DE INFORMÁTICA;Monserrat;60;59;8;Independencia 129
313-AULA;Monserrat;60;59;3;UBS
736-AULA;Monserrat;60;59;7;Lima 1
335-HÍBRIDA;Monserrat;66;59;3;Lima 3
734-AULA;Monserrat;60;59;7;Lima 2
215-AULA;Monserrat;65;59;2;Independencia 130
507-AULA;Monserrat;68;66;5;UBS
248-AULA;Monserrat;67;60;2;Lima 1
449-AULA;Monserrat;67;50;4;Lima 3
449-AULA;Monserrat;67;58;4;Lima 2
515-AULA;Monserrat;65;59;5;Independencia 131
223-AULA;Monserrat;62;50;2;UBS
s264-LAB DE HIDRÁULICA Y METALOGRAFÍA;Monserrat;30;14;S;Lima 1
935-HÍBRIDA;Monserrat;64;59;9;Lima 3
664-LAB DE INFORMÁTICA;Monserrat;66;27;6;Lima 2
335-HÍBRIDA;Monserrat;66;50;3;Independencia 132
224-AULA;Monserrat;62;59;2;UBS
648-HÍBRIDA;Monserrat;40;33;6;Lima 1
174-ARTE;Monserrat;20;20;1;Lima 3
364-LAB DE INFORMÁTICA;Monserrat;60;59;3;Lima 2
234-AULA;Monserrat;66;59;2;Independencia 133
349-AULA;Monserrat;67;59;3;UBS
235-HÍBRIDA;Monserrat;66;59;2;Lima 1
704-AULA;Monserrat;72;59;7;Lima 3
547-AULA;Monserrat;80;59;5;Lima 2
864-LAB DE INFORMÁTICA;Monserrat;60;60;8;Independencia 134
s223-TALLER;Monserrat;60;60;S;UBS
s245-AULA;Monserrat;55;52;S;Lima 1
435-HÍBRIDA;Monserrat;66;59;4;Lima 3
935-HÍBRIDA;Monserrat;64;50;9;Lima 2
164-LAB MULTIPLATAFORMA-MAC;Monserrat;60;36;1;Independencia 135
s123-TALLER;Monserrat;60;60;S;UBS
608-AULA;Monserrat;69;59;6;Lima 1
1147-HEMICICLO;Monserrat;60;50;1;Lima 3
946-AULA;Monserrat;70;59;9;Lima 2
305-AULA;Monserrat;69;59;3;Independencia 136
s234-AULA;Monserrat;70;59;S;UBS
124-AULA;Monserrat;57;50;1;Lima 1
222-AULA;Monserrat;62;59;2;Lima 3
216-AULA;Monserrat;60;59;2;Lima 2
s165-TALLER;Monserrat;60;52;S;Independencia 137
513-AULA;Monserrat;60;59;5;UBS
816-HÍBRIDA;Monserrat;44;30;8;Lima 1
545-AULA;Monserrat;52;45;5;Lima 3
295-HÍBRIDA;Monserrat;60;50;2;Lima 2
811-HÍBRIDA;Monserrat;48;45;8;Independencia 138
224-AULA;Monserrat;62;61;2;UBS
1045-TALLER;Monserrat;64;64;1;Lima 1
443-AULA;Monserrat;48;47;4;Lima 3
613-AULA;Monserrat;60;59;6;Lima 2
634-AULA;Monserrat;60;59;6;Independencia 139
323-AULA;Monserrat;60;59;3;UBS
304-AULA;Monserrat;72;59;3;Lima 1
506-AULA;Monserrat;66;59;5;Lima 3
507-AULA;Monserrat;68;59;5;Lima 2
565-LAB DE INFORMÁTICA;Monserrat;60;59;5;Independencia 140
409-AULA;Monserrat;57;50;4;UBS
107-AULA;Monserrat;72;60;1;Lima 1
945-AULA;Monserrat;70;59;9;Lima 3
507-AULA;Monserrat;68;61;5;Lima 2
448-AULA;Monserrat;80;63;4;Independencia 141
709-AULA;Monserrat;65;59;7;UBS
433-AULA;Monserrat;70;59;4;Lima 1
542-AULA;Monserrat;58;33;5;Lima 3
316-AULA;Monserrat;60;59;3;Lima 2
504-AULA;Monserrat;72;59;5;Independencia 142
533-AULA;Monserrat;70;59;5;UBS
835-HÍBRIDA;Monserrat;42;35;8;Lima 1
944-AULA;Monserrat;66;59;9;Lima 3
S104-TALLER;Monserrat;65;52;S;Lima 2
764-LAB DE VIDEOJUEGOS;Monserrat;66;50;7;Independencia 143
564-LAB DE INFORMÁTICA;Monserrat;60;59;5;UBS
s233-AULA;Monserrat;60;50;S;Lima 1
516-AULA;Monserrat;60;50;5;Lima 3
708-AULA;Monserrat;65;59;7;Lima 2
s223-TALLER;Monserrat;60;48;S;Independencia 144
163-AULA;Monserrat;30;30;1;UBS
314-AULA;Monserrat;51;49;3;Lima 1
1165-LAB DE NUTRICIÓN, ELECTROTECNIA Y FÍSICA;Monserrat;60;59;1;Lima 3
864-LAB DE INFORMÁTICA;Monserrat;66;56;8;Lima 2
548-AULA;Monserrat;67;59;5;Independencia 145
225-AULA;Monserrat;62;59;2;UBS
CLASE REMOTA;Monserrat;65;62;C;Lima 1
223-AULA;Monserrat;62;59;2;Lima 3
210-AULA;Monserrat;64;59;2;Lima 2
065-FIN LAB;Monserrat;65;50;0;Independencia 146
333-AULA;Monserrat;70;59;3;UBS
615-AULA;Monserrat;65;60;6;Lima 1
s122-TALLER;Monserrat;60;51;S;Lima 3
122-AULA;Monserrat;39;38;1;Lima 2
1045-TALLER;Monserrat;64;51;1;Independencia 147
124-AULA;Monserrat;57;49;1;UBS
913-HÍBRIDA;Monserrat;66;59;9;Lima 1
407-AULA;Monserrat;68;61;4;Lima 3
865-LAB DE INFORMÁTICA;Monserrat;66;59;8;Lima 2
934-HÍBRIDA;Monserrat;52;48;9;Independencia 148
406-AULA;Monserrat;66;61;4;UBS
065-FIN LAB;Monserrat;65;60;0;Lima 1
206-AULA;Monserrat;66;59;2;Lima 3
108-AULA;Monserrat;72;59;1;Lima 2
1163-LAB DE ELECTRÓNICA Y TELECOMUNICACIONES;Monserrat;18;18;1;Independencia 149
812-HÍBRIDA;Monserrat;44;40;8;UBS
247-AULA;Monserrat;80;58;2;Lima 1
332-AULA;Monserrat;14;14;3;Lima 3
813-HÍBRIDA;Monserrat;44;40;8;Lima 2
514-AULA;Monserrat;51;50;5;Independencia 150
846-AULA;Monserrat;57;50;8;UBS
s122-TALLER;Monserrat;60;59;S;Lima 1
748-HÍBRIDA;Monserrat;40;31;7;Lima 3
342-AULA;Monserrat;58;57;3;Lima 2
850-HÍBRIDA;Monserrat;56;55;8;Independencia 151
404-AULA;Monserrat;72;59;4;UBS
607-AULA;Monserrat;72;59;6;Lima 1
1165-LAB DE NUTRICIÓN, ELECTROTECNIA Y FÍSICA;Monserrat;60;48;1;Lima 3
948-HÍBRIDA;Monserrat;52;51;9;Lima 2
604-AULA;Monserrat;69;59;6;Independencia 152
265-LAB TALLER DE TEXTIL;Monserrat;55;30;2;UBS
433-AULA;Monserrat;70;68;4;Lima 1
346-AULA;Monserrat;48;45;3;Lima 3
s244-AULA;Monserrat;55;51;S;Lima 2
1043-AULA;Monserrat;36;30;1;Independencia 153
527-AULA;Monserrat;33;30;5;UBS
065-FIN LAB;Monserrat;65;59;0;Lima 1
107-AULA;Monserrat;72;59;1;Lima 3
545-AULA;Monserrat;52;48;5;Lima 2
745-AULA;Monserrat;52;50;7;Independencia 154
224-AULA;Monserrat;62;45;2;UBS
845-AULA;Monserrat;52;45;8;Lima 1
664-LAB DE INFORMÁTICA;Monserrat;66;59;6;Lima 3
506-AULA;Monserrat;66;50;5;Lima 2
443-AULA;Monserrat;48;45;4;Independencia 155
s234-AULA;Monserrat;70;60;S;UBS
s233-AULA;Monserrat;60;53;S;Lima 1
s125-TALLER;Monserrat;60;51;S;Lima 3
708-AULA;Monserrat;65;50;7;Lima 2
916-HÍBRIDA;Monserrat;40;36;9;Independencia 156
244-AULA;Monserrat;66;60;2;UBS
316-AULA;Monserrat;60;45;3;Lima 1
236-AULA;Monserrat;58;54;2;Lima 3
246-AULA;Monserrat;54;50;2;Lima 2
536-AULA;Monserrat;58;40;5;Independencia 157
863-LAB DE INFORMÁTICA;Monserrat;60;35;8;UBS
s224-TALLER;Monserrat;60;59;S;Lima 1
644-AULA;Monserrat;66;59;6;Lima 3
S134-MINIAUDITORIO;Monserrat;58;50;S;Lima 2
s225-TALLER;Monserrat;60;55;S;Independencia 158
1045-TALLER;Monserrat;64;55;1;UBS
707-AULA;Monserrat;72;52;7;Lima 1
-;Monserrat;-;73;-;Lima 3
164-LAB MULTIPLATAFORMA-MAC;Monserrat;60;59;1;Lima 2
812-HÍBRIDA;Monserrat;44;30;8;Independencia 159
348-AULA;Monserrat;80;58;3;UBS
S104-TALLER;Monserrat;65;59;S;Lima 1
665-LAB DE INFORMÁTICA;Monserrat;56;50;6;Lima 3
322-AULA;Monserrat;60;50;3;Lima 2
446-AULA;Monserrat;48;49;4;Independencia 160
935-HÍBRIDA;Monserrat;64;60;9;UBS
-;Monserrat;-;50;-;Lima 1
436-AULA;Monserrat;58;45;4;Lima 3
616-AULA;Monserrat;60;50;6;Lima 2
914-HÍBRIDA;Monserrat;40;30;9;Independencia 161
816-HÍBRIDA;Monserrat;44;40;8;UBS
293-HÍBRIDA;Monserrat;48;40;2;Lima 1
735-HÍBRIDA;Monserrat;70;58;7;Lima 3
1165-LAB DE NUTRICIÓN, ELECTROTECNIA Y FÍSICA;Monserrat;60;35;1;Lima 2
416-AULA;Monserrat;60;50;4;Independencia 162
242-AULA;Monserrat;58;48;2;UBS
764-LAB DE VIDEOJUEGOS;Monserrat;60;60;7;Lima 1
-;Monserrat;-;62;-;Lima 3
707-AULA;Monserrat;72;50;7;Lima 2
s124-TALLER;Monserrat;60;59;S;Independencia 163
1045-TALLER;Monserrat;64;48;1;UBS
233-AULA;Monserrat;70;30;2;Lima 1
310-AULA;Monserrat;64;61;3;Lima 3
-;Monserrat;-;45;-;Lima 2
295-HÍBRIDA;Monserrat;60;58;2;Independencia 164
s122-TALLER;Monserrat;60;55;S;UBS
535-HÍBRIDA;Monserrat;66;48;5;Lima 1
265-LAB TALLER DE TEXTIL;Monserrat;55;59;2;Lima 3
533-AULA;Monserrat;70;50;5;Lima 2
408-AULA;Monserrat;60;40;4;Independencia 165
P004-HÍBRIDA;Monserrat;38;27;P;UBS
P103-HÍBRIDA;Monserrat;36;32;P;Lima 1
295-HÍBRIDA;Monserrat;60;57;2;Lima 3
P015-AULA;Monserrat;66;58;P;Lima 2
P003-HEMICICLO;Monserrat;64;56;P;Independencia 166
P108-HÍBRIDA;Monserrat;38;28;P;UBS
P001-AULA INFORMATICA;Monserrat;40;13;P;Lima 1
P105-AULA;Monserrat;40;32;P;Lima 3
334-AULA;Monserrat;66;45;3;Lima 2
P101-HÍBRIDA;Monserrat;18;12;P;Independencia 167
P014-HÍBRIDA;Monserrat;48;16;P;UBS
635-HÍBRIDA;Monserrat;70;60;6;Lima 1
935-HÍBRIDA;Monserrat;58;58;9;Lima 3
448-AULA;Monserrat;80;68;4;Lima 2
546-AULA;Monserrat;57;55;5;Independencia 168
842-AULA;Monserrat;58;50;8;UBS
235-HÍBRIDA;Monserrat;66;48;2;Lima 1
s223-TALLER;Monserrat;60;55;S;Lima 3
905-HÍBRIDA;Monserrat;64;51;9;Lima 2
865-LAB DE INFORMÁTICA;Monserrat;66;65;8;Independencia 169
742-AULA;Monserrat;58;50;7;UBS
842-AULA;Monserrat;58;55;8;Lima 1
644-AULA;Monserrat;66;50;6;Lima 3
734-AULA;Monserrat;60;50;7;Lima 2
407-AULA;Monserrat;68;50;4;Independencia 170
242-AULA;Monserrat;58;50;2;UBS
524-AULA;Monserrat;60;50;5;Lima 1
307-AULA;Monserrat;68;50;3;Lima 3
607-AULA;Monserrat;72;50;6;Lima 2
108-AULA;Monserrat;72;50;1;Independencia 171
764-LAB DE VIDEOJUEGOS;Monserrat;66;56;7;UBS
213-AULA;Monserrat;60;40;2;Lima 1
936-HÍBRIDA;Monserrat;38;60;9;Lima 3
233-AULA;Monserrat;70;60;2;Lima 2
204-AULA;Monserrat;72;66;2;Independencia 172
215-AULA;Monserrat;65;42;2;UBS
546-AULA;Monserrat;57;50;5;Lima 1
436-AULA;Monserrat;58;50;4;Lima 3
223-AULA;Monserrat;62;60;2;Lima 2
210-AULA;Monserrat;64;52;2;Independencia 173
-;Monserrat;-;58;-;UBS
609-AULA;Monserrat;69;60;6;Lima 1
448-AULA;Monserrat;80;67;4;Lima 3
913-HÍBRIDA;Monserrat;66;50;9;Lima 2
422-AULA;Monserrat;60;50;4;Independencia 174
548-AULA;Monserrat;67;50;5;UBS
508-AULA;Monserrat;66;50;5;Lima 1
643-AULA;Monserrat;48;40;6;Lima 3
364-LAB DE INFORMÁTICA;Monserrat;60;30;3;Lima 2
349-AULA;Monserrat;67;67;3;Independencia 175
316-AULA;Monserrat;60;50;3;UBS
406-AULA;Monserrat;66;66;4;Lima 1
943-AULA;Monserrat;45;40;9;Lima 3
916-HÍBRIDA;Monserrat;40;41;9;Lima 2
445-AULA;Monserrat;27;50;4;Independencia 176
316-AULA;Monserrat;60;61;3;UBS
316-AULA;Monserrat;60;40;3;Lima 1
905-HÍBRIDA;Monserrat;64;57;9;Lima 3
348-AULA;Monserrat;80;71;3;Lima 2
513-AULA;Monserrat;60;45;5;Independencia 177
409-AULA;Monserrat;57;45;4;UBS
S133-MINIAUDITORIO;Monserrat;48;49;S;Lima 1
208-AULA;Monserrat;59;50;2;Lima 3
448-AULA;Monserrat;80;70;4;Lima 2
862-AULA;Monserrat;27;25;8;Independencia 178
522-AULA;Monserrat;60;50;5;UBS
425-AULA;Monserrat;59;50;4;Lima 1
805-HÍBRIDA;Monserrat;68;67;8;Lima 3
704-AULA;Monserrat;72;66;7;Lima 2
105-AULA;Monserrat;63;60;1;Independencia 179
s234-AULA;Monserrat;70;50;S;UBS
s235-AULA;Monserrat;50;45;S;Lima 1
242-AULA;Monserrat;58;57;2;Lima 3
635-HÍBRIDA;Monserrat;70;67;6;Lima 2
313-AULA;Monserrat;60;50;3;Independencia 180
336-AULA;Monserrat;58;50;3;UBS
334-AULA;Monserrat;66;50;3;Lima 1
s236-AULA;Monserrat;50;45;S;Lima 3
447-AULA;Monserrat;54;53;4;Lima 2
216-AULA;Monserrat;60;50;2;Independencia 181
735-HÍBRIDA;Monserrat;70;50;7;UBS
615-AULA;Monserrat;65;50;6;Lima 1
442-AULA;Monserrat;58;53;4;Lima 3
613-AULA;Monserrat;60;50;6;Lima 2
216-AULA;Monserrat;60;53;2;Independencia 182
736-AULA;Monserrat;60;50;7;UBS
415-AULA;Monserrat;65;53;4;Lima 1
614-AULA;Monserrat;51;60;6;Lima 3
504-AULA;Monserrat;72;66;5;Lima 2
743-AULA;Monserrat;48;35;7;Independencia 183
213-AULA;Monserrat;60;50;2;UBS
215-AULA;Monserrat;65;50;2;Lima 1
P013-HÍBRIDA;Monserrat;49;46;P;Lima 3
-;Monserrat;-;71;-;Lima 2
936-HÍBRIDA;Monserrat;38;35;9;Independencia 184
815-AULA;Monserrat;46;40;8;UBS
508-AULA;Monserrat;66;66;5;Lima 1
-;Monserrat;-;35;-;Lima 3
1043-AULA;Monserrat;36;35;1;Lima 2
CLASE REMOTA;Monserrat;65;50;C;Independencia 185
505-AULA;Monserrat;69;68;5;UBS
204-AULA;Monserrat;72;67;2;Lima 1
947-HÍBRIDA;Monserrat;60;32;9;Lima 3
332-AULA;Monserrat;14;13;3;Lima 2
333-AULA;Monserrat;70;66;3;Independencia 186
313-AULA;Monserrat;60;58;3;UBS
847-HÍBRIDA;Monserrat;56;56;8;Lima 1
247-AULA;Monserrat;80;67;2;Lima 3
764-LAB DE VIDEOJUEGOS;Monserrat;66;37;7;Lima 2
1165-LAB DE NUTRICIÓN, ELECTROTECNIA Y FÍSICA;Monserrat;60;37;1;Independencia 187
648-HÍBRIDA;Monserrat;40;35;6;UBS
-;Monserrat;-;67;-;Lima 1
247-AULA;Monserrat;80;62;2;Lima 3
942-AULA;Monserrat;58;45;9;Lima 2
314-AULA;Monserrat;51;45;3;Independencia 188
414-AULA;Monserrat;51;30;4;UBS
342-AULA;Monserrat;58;50;3;Lima 1
404-AULA;Monserrat;72;70;4;Lima 3
1165-LAB DE NUTRICIÓN, ELECTROTECNIA Y FÍSICA;Monserrat;60;50;1;Lima 2
815-AULA;Monserrat;46;45;8;Independencia 189
349-AULA;Monserrat;67;50;3;UBS
346-AULA;Monserrat;48;36;3;Lima 1
835-HÍBRIDA;Monserrat;42;30;8;Lima 3
547-AULA;Monserrat;80;64;5;Lima 2
516-AULA;Monserrat;60;55;5;Independencia 190
736-AULA;Monserrat;60;55;7;UBS
905-HÍBRIDA;Monserrat;64;55;9;Lima 1
733-AULA;Monserrat;70;50;7;Lima 3
465-LAB TALLER DE DISEÑO INDUSTRIAL;Monserrat;50;52;4;Lima 2
410-AULA;Monserrat;57;55;4;Independencia 191
509-AULA;Monserrat;57;56;5;UBS
-;Monserrat;-;68;-;Lima 1
448-AULA;Monserrat;80;71;4;Lima 3
1164-LAB DE ELECTRÓNICA Y TELECOMUNICACIONES II;Monserrat;45;60;1;Lima 2
124-AULA;Monserrat;57;55;1;Independencia 192
664-LAB DE INFORMÁTICA;Monserrat;66;56;6;UBS
606-AULA;Monserrat;69;50;6;Lima 1
424-AULA;Monserrat;60;57;4;Lima 3
634-AULA;Monserrat;60;50;6;Lima 2
945-AULA;Monserrat;70;55;9;Independencia 193
s245-AULA;Monserrat;55;40;S;UBS
916-HÍBRIDA;Monserrat;40;48;9;Lima 1
292-HÍBRIDA;Monserrat;40;55;2;Lima 3
709-AULA;Monserrat;65;50;7;Lima 2
349-AULA;Monserrat;67;62;3;Independencia 194
709-AULA;Monserrat;65;61;7;UBS
947-HÍBRIDA;Monserrat;60;55;9;Lima 1
834-HÍBRIDA;Monserrat;44;36;8;Lima 3
635-HÍBRIDA;Monserrat;70;58;6;Lima 2
210-AULA;Monserrat;64;58;2;Independencia 195
164-LAB MULTIPLATAFORMA-MAC;Monserrat;60;55;1;UBS
713-HÍBRIDA;Monserrat;56;53;7;Lima 1
126-AULA;Monserrat;37;27;1;Lima 3
805-HÍBRIDA;Monserrat;68;58;8;Lima 2
164-LAB MULTIPLATAFORMA-MAC;Monserrat;60;52;1;Independencia 196
s232-AULA;Monserrat;56;50;S;UBS
408-AULA;Monserrat;60;50;4;Lima 1
CLASE REMOTA;Monserrat;65;58;C;Lima 3
304-AULA;Monserrat;72;50;3;Lima 2
510-AULA;Monserrat;57;50;5;Independencia 197
525-AULA;Monserrat;51;45;5;UBS
214-AULA;Monserrat;51;45;2;Lima 1
1165-LAB DE NUTRICIÓN, ELECTROTECNIA Y FÍSICA;Monserrat;60;14;1;Lima 3
1164-LAB DE ELECTRÓNICA Y TELECOMUNICACIONES II;Monserrat;45;30;1;Lima 2
1164-LAB DE ELECTRÓNICA Y TELECOMUNICACIONES II;Monserrat;45;18;1;Independencia 198
S144-TALLER DE GASTRONOMÍA;Monserrat;30;28;S;UBS
S143-AULA DEMO;Monserrat;30;48;S;Lima 1
SUM-HÍBRIDA;Monserrat;28;32;S;Lima 3
207-AULA;Monserrat;66;60;2;Lima 2
210-AULA;Monserrat;64;57;2;Independencia 199
s236-AULA;Monserrat;50;40;S;UBS
S143-AULA DEMO;Monserrat;30;28;S;Lima 1
-;Monserrat;-;44;-;Lima 3
-;Monserrat;-;27;-;Lima 2
-;Monserrat;-;28;-;Independencia 200
CLASE REMOTA;Monserrat;65;63;C;UBS
-;Monserrat;-;17;-;Lima 1
936-HÍBRIDA;Monserrat;38;30;9;Lima 3
P107-HÍBRIDA;Monserrat;46;20;P;Lima 2
P009-HÍBRIDA;Monserrat;32;21;P;Independencia 201
-;Monserrat;-;11;-;UBS
745-AULA;Monserrat;52;48;7;Lima 1
-;Monserrat;-;20;-;Lima 3
647-HÍBRIDA;Monserrat;50;40;6;Lima 2
192-MINIAUDITORIO;Monserrat;40;40;1;Independencia 202
P008-HÍBRIDA;Monserrat;20;13;P;UBS
P104-HÍBRIDA;Monserrat;36;14;P;Lima 1
410-AULA;Monserrat;57;50;4;Lima 3
-;Monserrat;-;36;-;Lima 2
-;Monserrat;-;0;-;Independencia 203
407-AULA;Monserrat;68;55;4;UBS
865-LAB DE INFORMÁTICA;Monserrat;66;60;8;Lima 1
849-HÍBRIDA;Monserrat;56;45;8;Lima 3
P106-AULA;Monserrat;46;20;P;Lima 2
763-LAB DE INFORMÁTICA;Monserrat;56;65;7;Independencia 204
324-AULA;Monserrat;60;52;3;UBS
105-AULA;Monserrat;63;66;1;Lima 1
-;Monserrat;-;100;-;Lima 3
s225-TALLER;Monserrat;60;110;S;Lima 2
542-AULA;Monserrat;58;50;5;Independencia 205
244-AULA;Monserrat;66;62;2;UBS
1034-VR ZONE;Monserrat;40;40;1;Lima 1
CLASE REMOTA;Monserrat;65;40;C;Lima 3
764-LAB DE VIDEOJUEGOS;Monserrat;66;36;7;Lima 2
764-LAB DE VIDEOJUEGOS;Monserrat;66;40;7;Independencia 206
246-AULA;Monserrat;54;47;2;UBS
327-AULA;Monserrat;36;35;3;Lima 1
834-HÍBRIDA;Monserrat;44;41;8;Lima 3
348-AULA;Monserrat;80;66;3;Lima 2
-;Monserrat;-;200;-;Independencia 207
347-AULA;Monserrat;54;55;3;UBS
S135-MINIAUDITORIO;Monserrat;48;35;S;Lima 1
247-AULA;Monserrat;80;91;2;Lima 3
-;Monserrat;-;5;-;Lima 2
s243-TALLER;Monserrat;54;30;S;Independencia 208
-;Monserrat;-;10;-;UBS
-;Monserrat;-;1;-;Lima 1
B006-AULA;Monserrat;30;20;B;Lima 3
B004-AULA;Monserrat;63;37;B;Lima 2
P106-AULA;Monserrat;46;30;P;Independencia 209
U205-AULA;Monserrat;80;45;U;UBS
s236-AULA;Monserrat;50;58;S;Lima 1
P009-HÍBRIDA;Monserrat;32;30;P;Lima 3
P103-HÍBRIDA;Monserrat;36;30;P;Lima 2
P004-HÍBRIDA;Monserrat;38;30;P;Independencia 210
CLASE REMOTA;Monserrat;65;32;C;UBS
CLASE REMOTA;Monserrat;65;54;C;Lima 1
CLASE REMOTA;Monserrat;65;48;C;Lima 3
P104-HÍBRIDA;Monserrat;36;30;P;Lima 2
816-HÍBRIDA;Monserrat;44;59;8;Independencia 211
661-LAB DE INFORMÁTICA;Monserrat;30;23;6;UBS
1164-LAB DE ELECTRÓNICA Y TELECOMUNICACIONES II;Monserrat;45;17;1;Lima 1
P001-AULA INFORMATICA;Monserrat;40;30;P;Lima 3
P107-HÍBRIDA;Monserrat;46;25;P;Lima 2
CLASE REMOTA;Monserrat;65;25;C;Independencia 212
P015-AULA;Monserrat;66;25;P;UBS
P104-HÍBRIDA;Monserrat;36;25;P;Lima 1
P102-HÍBRIDA;Monserrat;34;25;P;Lima 3
P005-HÍBRIDA;Monserrat;64;40;P;Lima 2
P001-AULA INFORMATICA;Monserrat;40;25;P;Independencia 213
P004-HÍBRIDA;Monserrat;38;25;P;UBS
CLASE REMOTA;Monserrat;65;18;C;Lima 1
P003-HEMICICLO;Monserrat;64;25;P;Lima 3
P003-HEMICICLO;Monserrat;64;30;P;Lima 2
P002-AULA INFORMATICA;Monserrat;30;25;P;Independencia 214
P103-HÍBRIDA;Monserrat;36;25;P;UBS
P109-HÍBRIDA;Monserrat;44;25;P;Lima 1
P110-MINI AUDITORIO GASTRONOMIA;Monserrat;40;25;P;Lima 3
P009-HÍBRIDA;Monserrat;32;25;P;Lima 2
P100-TALLER;Monserrat;16;25;P;Independencia 215
842-AULA;Monserrat;58;37;8;UBS
442-AULA;Monserrat;58;50;4;Lima 1
292-HÍBRIDA;Monserrat;40;35;2;Lima 3
715-HÍBRIDA;Monserrat;56;57;7;Lima 2
834-HÍBRIDA;Monserrat;44;35;8;Independencia 216
508-AULA;Monserrat;66;28;5;UBS
632-AULA;Monserrat;30;28;6;Lima 1
S143-AULA DEMO;Monserrat;30;14;S;Lima 3
472-ARTE;Monserrat;35;20;4;Lima 2
934-HÍBRIDA;Monserrat;52;35;9;Independencia 217
223-AULA;Monserrat;62;61;2;UBS
865-LAB DE INFORMÁTICA;Monserrat;66;56;8;Lima 1
406-AULA;Monserrat;66;50;4;Lima 3
947-HÍBRIDA;Monserrat;60;48;9;Lima 2
835-HÍBRIDA;Monserrat;42;40;8;Independencia 218
P100-TALLER;Monserrat;16;12;P;UBS
348-AULA;Monserrat;80;61;3;Lima 1
523-AULA;Monserrat;48;47;5;Lima 3
435-HÍBRIDA;Monserrat;66;61;4;Lima 2
811-HÍBRIDA;Monserrat;48;47;8;Independencia 219
S134-MINIAUDITORIO;Monserrat;58;45;S;UBS
1148-HEMICICLO;Monserrat;36;35;1;Lima 1
404-AULA;Monserrat;72;67;4;Lima 3
-;Monserrat;-;56;-;Lima 2
765-LAB DE VIDEOJUEGOS;Monserrat;56;59;7;Independencia 220
S133-MINIAUDITORIO;Monserrat;48;40;S;UBS
744-AULA;Monserrat;66;50;7;Lima 1
s125-TALLER;Monserrat;60;30;S;Lima 3
436-AULA;Monserrat;58;51;4;Lima 2
647-HÍBRIDA;Monserrat;50;48;6;Independencia 221
S141-AULA FUEGO;Monserrat;35;28;S;UBS
532-AULA;Monserrat;30;27;5;Lima 1
948-HÍBRIDA;Monserrat;52;41;9;Lima 3
127-AULA;Monserrat;37;17;1;Lima 2
P109-HÍBRIDA;Monserrat;44;38;P;Independencia 222
CLASE REMOTA;Monserrat;65;36;C;UBS
-;Monserrat;-;25;-;Lima 1
P015-AULA;Monserrat;66;40;P;Lima 3
P007-HÍBRIDA;Monserrat;54;40;P;Lima 2
P015-AULA;Monserrat;66;35;P;Independencia 223
-;Monserrat;-;15;-;UBS
661-LAB DE INFORMÁTICA;Monserrat;30;12;6;Lima 1
661-LAB DE INFORMÁTICA;Monserrat;30;27;6;Lima 3
210-AULA;Monserrat;64;50;2;Lima 2
748-HÍBRIDA;Monserrat;40;30;7;Independencia 224
845-AULA;Monserrat;52;30;8;UBS
1042-AULA;Monserrat;32;50;1;Lima 1
346-AULA;Monserrat;48;50;3;Lima 3
-;Monserrat;-;61;-;Lima 2
P102-HÍBRIDA;Monserrat;34;33;P;Independencia 225
105-AULA;Monserrat;63;50;1;UBS
P109-HÍBRIDA;Monserrat;44;20;P;Lima 1
296-HÍBRIDA;Monserrat;40;30;2;Lima 3
s223-TALLER;Monserrat;60;40;S;Lima 2
P006-HÍBRIDA;Monserrat;18;14;P;Independencia 226
065-FIN LAB;Monserrat;65;40;0;UBS
527-AULA;Monserrat;33;28;5;Lima 1
s123-TALLER;Monserrat;60;11;S;Lima 3
345-AULA;Monserrat;27;20;3;Lima 2
232-AULA;Monserrat;14;14;2;Independencia 227
664-LAB DE INFORMÁTICA;Monserrat;66;40;6;UBS
U107-AULA;Monserrat;32;31;U;Lima 1
834-HÍBRIDA;Monserrat;44;45;8;Lima 3
CLASE REMOTA;Monserrat;65;30;C;Lima 2
-;Monserrat;-;8;-;Independencia 228
643-AULA;Monserrat;48;36;6;UBS
704-AULA;Monserrat;72;58;7;Lima 1
372-ARTE;Monserrat;40;40;3;Lima 3
S144-TALLER DE GASTRONOMÍA;Monserrat;30;29;S;Lima 2
913-HÍBRIDA;Monserrat;66;46;9;Independencia 229
850-HÍBRIDA;Monserrat;56;37;8;UBS
1165-LAB DE NUTRICIÓN, ELECTROTECNIA Y FÍSICA;Monserrat;60;29;1;Lima 1
123-AULA;Monserrat;39;0;1;Lima 3
731-AULA;Monserrat;14;14;7;Lima 2
-;Monserrat;-;3;-;Independencia 230
s125-TALLER;Monserrat;60;36;S;UBS
445-AULA;Monserrat;27;20;4;Lima 1
324-AULA;Monserrat;60;42;3;Lima 3
193-MINIAUDITORIO;Monserrat;40;42;1;Lima 2
209-AULA;Monserrat;51;42;2;Independencia 231
743-AULA;Monserrat;48;42;7;UBS
443-AULA;Monserrat;48;42;4;Lima 1
122-AULA;Monserrat;39;42;1;Lima 3
123-AULA;Monserrat;39;42;1;Lima 2
127-AULA;Monserrat;37;42;1;Independencia 232
